frames,config,median_s,min_s,p90_s,reps
0,seq,0.00000000,0.00000000,0.00000000,25
0,P2,0.00089880,0.00074490,0.00117310,25
0,P4,0.00100010,0.00081360,0.00126100,25
0,P8,0.00162720,0.00121620,0.00579520,25
0,P12,0.00220020,0.00166980,0.01853290,25
1,seq,0.00047100,0.00023380,0.00067030,25
1,P2,0.00085450,0.00057260,0.00663350,25
1,P4,0.00099360,0.00076000,0.00244470,25
1,P8,0.00164260,0.00122640,0.00993000,25
1,P12,0.00244820,0.00178920,0.01108760,25
2,seq,0.00051950,0.00024760,0.00066230,25
2,P2,0.00098170,0.00064880,0.00255620,25
2,P4,0.00118850,0.00088620,0.00409430,25
2,P8,0.00178460,0.00134330,0.00448760,25
2,P12,0.00273420,0.00190690,0.01309690,25
3,seq,0.00056200,0.00026720,0.00077950,25
3,P2,0.00097180,0.00070470,0.00380290,25
3,P4,0.00129600,0.00076130,0.00918370,25
3,P8,0.00214630,0.00139580,0.00922640,25
3,P12,0.00406870,0.00172880,0.02328690,25
4,seq,0.00056280,0.00029130,0.00091390,25
4,P2,0.00114350,0.00072170,0.00405260,25
4,P4,0.00178920,0.00095340,0.00538860,25
4,P8,0.00261450,0.00116970,0.00659070,25
4,P12,0.00398130,0.00222940,0.01051830,25
6,seq,0.00085620,0.00046190,0.00110340,25
6,P2,0.00149990,0.00090110,0.00470780,25
6,P4,0.00172830,0.00111700,0.00498280,25
6,P8,0.00248880,0.00131450,0.00405370,25
6,P12,0.00349860,0.00198880,0.00628560,25
8,seq,0.00083850,0.00055010,0.00173590,25
8,P2,0.00156130,0.00104430,0.00196640,25
8,P4,0.00163670,0.00109260,0.00299740,25
8,P8,0.00278610,0.00153230,0.00510310,25
8,P12,0.00333300,0.00231480,0.00610800,25
12,seq,0.00133720,0.00082370,0.00213490,25
12,P2,0.00174150,0.00129290,0.00198470,25
12,P4,0.00199920,0.00125820,0.00274310,25
12,P8,0.00319010,0.00202090,0.00392590,25
12,P12,0.00380430,0.00239680,0.00511860,25
16,seq,0.00161490,0.00120470,0.00281830,25
16,P2,0.00223700,0.00166410,0.00270740,25
16,P4,0.00251170,0.00157940,0.00369390,25
16,P8,0.00313100,0.00197740,0.00426100,25
16,P12,0.00379470,0.00298890,0.00613480,25
24,seq,0.00287370,0.00175500,0.00395350,25
24,P2,0.00287170,0.00246620,0.00339180,25
24,P4,0.00310400,0.00215790,0.00485910,25
24,P8,0.00339170,0.00235970,0.00533750,25
24,P12,0.00449930,0.00308340,0.00690050,25
32,seq,0.00377470,0.00253320,0.00520160,25
32,P2,0.00376810,0.00335750,0.00621530,25
32,P4,0.00391180,0.00275830,0.00586890,25
32,P8,0.00419580,0.00280940,0.00848000,25
32,P12,0.00489230,0.00384320,0.00975330,25
48,seq,0.00540250,0.00413430,0.00761370,25
48,P2,0.00503780,0.00450980,0.00678860,25
48,P4,0.00468010,0.00277510,0.00886000,25
48,P8,0.00526390,0.00357910,0.00800770,25
48,P12,0.00605290,0.00419570,0.00962970,25
64,seq,0.00686790,0.00559580,0.01051560,25
64,P2,0.00648420,0.00566630,0.00756950,25
64,P4,0.00597730,0.00345210,0.00950770,25
64,P8,0.00606930,0.00394230,0.00850740,25
64,P12,0.00657030,0.00528380,0.01038470,25
96,seq,0.01079930,0.00829990,0.01528050,25
96,P2,0.00942080,0.00798360,0.01145170,25
96,P4,0.00663000,0.00500540,0.01182940,25
96,P8,0.00799070,0.00551130,0.01301510,25
96,P12,0.00900480,0.00559790,0.01315050,25
128,seq,0.01490910,0.01114340,0.02021200,25
128,P2,0.01279810,0.01180580,0.01577670,25
128,P4,0.00880090,0.00704790,0.01379860,25
128,P8,0.01022950,0.00777410,0.01883960,25
128,P12,0.01085280,0.00787190,0.02211660,25
192,seq,0.02242750,0.01756210,0.02911520,25
192,P2,0.01976180,0.01685010,0.02933980,25
192,P4,0.01579670,0.01034680,0.02917770,25
192,P8,0.01516010,0.01083020,0.03688980,25
192,P12,0.01555440,0.01100190,0.03718200,25
256,seq,0.02853760,0.02291230,0.03703620,25
256,P2,0.02535880,0.02386450,0.02920990,25
256,P4,0.01774630,0.01274240,0.02625270,25
256,P8,0.01682840,0.01444510,0.02194710,25
256,P12,0.01761370,0.01462870,0.02307570,25
384,seq,0.04166820,0.03482970,0.04873800,25
384,P2,0.03758600,0.03528550,0.04273210,25
384,P4,0.02256260,0.01964540,0.03903030,25
384,P8,0.02465570,0.02004090,0.03332880,25
384,P12,0.02430050,0.02126700,0.03162960,25
512,seq,0.05335140,0.04722910,0.06341630,25
512,P2,0.05033360,0.04752820,0.05974640,25
512,P4,0.02897860,0.02623750,0.04290960,25
512,P8,0.03105630,0.02689450,0.04103730,25
512,P12,0.03139290,0.02878550,0.04607400,25
1024,seq,0.09949860,0.08965550,0.11419010,25
1024,P2,0.09961950,0.09285420,0.11221180,25
1024,P4,0.06224110,0.04917750,0.09463690,25
1024,P8,0.06351820,0.05432770,0.09578870,25
1024,P12,0.06096620,0.05317740,0.08859760,25
2048,seq,0.19618950,0.18524900,0.20833490,25
2048,P2,0.19896780,0.19285210,0.21859440,25
2048,P4,0.11200320,0.10338530,0.14861400,25
2048,P8,0.11026000,0.10142350,0.13054100,25
2048,P12,0.11381690,0.10206370,0.12578060,25
4096,seq,0.37919260,0.36389180,0.39374740,25
4096,P2,0.38520330,0.35670790,0.40101400,25
4096,P4,0.21322290,0.19902280,0.24715000,25
4096,P8,0.23223960,0.19790690,0.26352400,25
4096,P12,0.22316180,0.20144370,0.24377930,25
8192,seq,0.74627180,0.71311560,0.78812950,25
8192,P2,0.76331710,0.73556450,0.77616900,25
8192,P4,0.43435110,0.39889520,0.46949160,25
8192,P8,0.44456420,0.39586660,0.52619670,25
8192,P12,0.42442460,0.39442980,0.53923500,25
14000,seq,1.27228370,1.22226920,1.33080220,25
14000,P2,1.30339730,1.27720580,1.32994430,25
14000,P4,0.72346030,0.68780720,0.75338960,25
14000,P8,0.72802680,0.65744240,0.91653570,25
14000,P12,0.69272490,0.66710300,0.77886980,25
