linux,32x18,1,0.00,seq,1,0.0000030,0.0000029,401,0.000002,0.000001,0.0,0.0
linux,32x18,1,0.00,A,2,0.0000771,0.0000485,401,0.000010,0.000048,1.0,0.0
linux,32x18,1,0.00,A,4,0.0001245,0.0000885,401,0.000003,0.000105,1.0,0.0
linux,32x18,1,0.00,A,6,0.0001845,0.0001450,401,0.000031,0.000140,1.0,0.0
linux,32x18,1,0.00,A,8,0.0002460,0.0001855,401,0.000019,0.000231,1.2,0.0
linux,32x18,1,0.00,A,12,0.0003886,0.0003266,401,0.000031,0.000401,0.4,0.0
linux,32x18,1,0.00,A,16,0.0004864,0.0004098,401,0.000047,0.000476,0.7,0.0
linux,32x18,1,0.00,B,2,0.0001123,0.0000789,401,0.000023,0.000089,2.0,0.0
linux,32x18,1,0.00,B,4,0.0001887,0.0001423,401,0.000028,0.000165,2.7,0.0
linux,32x18,1,0.00,B,6,0.0002402,0.0002016,401,0.000011,0.000245,2.7,0.0
linux,32x18,1,0.00,B,8,0.0002977,0.0002363,401,0.000057,0.000276,2.3,0.0
linux,32x18,1,0.00,B,12,0.0004107,0.0003680,401,0.000038,0.000421,2.4,0.0
linux,32x18,1,0.00,B,16,0.0005988,0.0004074,401,0.000045,0.000674,2.3,0.0
linux,32x18,4,0.01,seq,1,0.0000082,0.0000079,401,0.000008,0.000001,0.0,0.0
linux,32x18,4,0.01,A,2,0.0000698,0.0000464,401,0.000007,0.000047,1.0,0.0
linux,32x18,4,0.01,A,4,0.0001086,0.0000795,401,0.000004,0.000097,1.0,0.0
linux,32x18,4,0.01,A,6,0.0001766,0.0001266,401,0.000004,0.000161,1.0,0.0
linux,32x18,4,0.01,A,8,0.0002334,0.0001743,401,0.000022,0.000211,0.7,0.0
linux,32x18,4,0.01,A,12,0.0003688,0.0002674,401,0.000062,0.000368,0.6,0.0
linux,32x18,4,0.01,A,16,0.0005014,0.0004346,401,0.000079,0.000502,1.1,0.0
linux,32x18,4,0.01,B,2,0.0001120,0.0000830,401,0.000011,0.000106,2.3,0.0
linux,32x18,4,0.01,B,4,0.0001935,0.0001566,401,0.000031,0.000184,3.4,0.0
linux,32x18,4,0.01,B,6,0.0002292,0.0001979,401,0.000023,0.000250,2.7,0.0
linux,32x18,4,0.01,B,8,0.0002894,0.0002158,401,0.000029,0.000323,2.5,0.0
linux,32x18,4,0.01,B,12,0.0004199,0.0003713,401,0.000022,0.000468,2.5,0.0
linux,32x18,4,0.01,B,16,0.0005373,0.0004676,401,0.000039,0.000577,2.9,0.0
linux,32x18,16,0.03,seq,1,0.0000304,0.0000291,401,0.000024,0.000008,0.0,0.0
linux,32x18,16,0.03,A,2,0.0000811,0.0000634,401,0.000038,0.000017,1.0,0.0
linux,32x18,16,0.03,A,4,0.0001083,0.0000958,401,0.000087,0.000009,1.0,0.0
linux,32x18,16,0.03,A,6,0.0001805,0.0001480,401,0.000109,0.000067,1.1,0.0
linux,32x18,16,0.03,A,8,0.0002356,0.0001686,401,0.000061,0.000182,0.9,0.0
linux,32x18,16,0.03,A,12,0.0004231,0.0003085,401,0.000068,0.000409,0.6,0.0
linux,32x18,16,0.03,A,16,0.0004940,0.0004393,401,0.000109,0.000475,1.2,0.1
linux,32x18,16,0.03,B,2,0.0003086,0.0001335,401,0.000036,0.000155,19.6,0.0
linux,32x18,16,0.03,B,4,0.0003635,0.0001872,401,0.000101,0.000389,12.7,0.0
linux,32x18,16,0.03,B,6,0.0003078,0.0002024,401,0.000097,0.000394,13.0,0.0
linux,32x18,16,0.03,B,8,0.0004333,0.0002516,401,0.000117,0.000499,11.4,0.0
linux,32x18,16,0.03,B,12,0.0004310,0.0003670,401,0.000080,0.000527,9.4,0.1
linux,32x18,16,0.03,B,16,0.0006104,0.0004734,401,0.000144,0.000707,9.8,0.1
linux,32x18,64,0.11,seq,1,0.0001373,0.0001159,401,0.000103,0.000041,0.0,0.0
linux,32x18,64,0.11,A,2,0.0002073,0.0001607,401,0.000086,0.000000,1.0,0.0
linux,32x18,64,0.11,A,4,0.0002000,0.0001107,401,0.000154,0.000000,1.1,0.0
linux,32x18,64,0.11,A,6,0.0001882,0.0001557,401,0.000131,0.000078,1.6,0.0
linux,32x18,64,0.11,A,8,0.0002378,0.0001893,401,0.000174,0.000149,2.0,0.0
linux,32x18,64,0.11,A,12,0.0003534,0.0003184,401,0.000181,0.000228,0.9,0.0
linux,32x18,64,0.11,A,16,0.0004900,0.0003887,401,0.000216,0.000409,2.3,0.1
linux,32x18,64,0.11,B,2,0.0011603,0.0002025,281,0.000132,0.000539,98.0,0.1
linux,32x18,64,0.11,B,4,0.0004146,0.0001880,401,0.000193,0.000555,38.5,0.0
linux,32x18,64,0.11,B,6,0.0003973,0.0002289,401,0.000124,0.000682,34.6,0.1
linux,32x18,64,0.11,B,8,0.0004773,0.0002739,401,0.000240,0.000873,36.2,0.1
linux,32x18,64,0.11,B,12,0.0006393,0.0003955,401,0.000205,0.001312,37.6,0.1
linux,32x18,64,0.11,B,16,0.0006815,0.0005034,401,0.000262,0.001176,40.0,0.1
linux,32x18,256,0.44,seq,1,0.0004639,0.0004519,401,0.000371,0.000112,0.0,0.0
linux,32x18,256,0.44,A,2,0.0003404,0.0002954,401,0.000089,0.000000,1.7,0.0
linux,32x18,256,0.44,A,4,0.0002363,0.0002054,401,0.000125,0.000000,1.5,0.0
linux,32x18,256,0.44,A,6,0.0002653,0.0002078,401,0.000221,0.000000,1.6,0.0
linux,32x18,256,0.44,A,8,0.0002811,0.0002329,401,0.000394,0.000000,2.5,0.0
linux,32x18,256,0.44,A,12,0.0004660,0.0003118,401,0.000705,0.000000,2.2,0.1
linux,32x18,256,0.44,A,16,0.0005326,0.0004260,401,0.000860,0.000000,3.4,0.1
linux,32x18,256,0.44,B,2,0.0051447,0.0033526,59,0.002192,0.004633,609.2,0.2
linux,32x18,256,0.44,B,4,0.0021376,0.0011867,133,0.001463,0.003648,307.2,0.2
linux,32x18,256,0.44,B,6,0.0013314,0.0005623,222,0.000930,0.002737,195.3,0.2
linux,32x18,256,0.44,B,8,0.0013346,0.0006306,185,0.001111,0.003329,257.1,0.2
linux,32x18,256,0.44,B,12,0.0024383,0.0005732,129,0.001093,0.005144,439.4,0.5
linux,32x18,256,0.44,B,16,0.0029156,0.0006044,110,0.001266,0.005891,515.8,0.8
linux,32x18,1024,1.77,seq,1,0.0019352,0.0017893,141,0.001730,0.000495,0.0,0.0
linux,32x18,1024,1.77,A,2,0.0010850,0.0010094,256,0.000403,0.000000,1.3,0.1
linux,32x18,1024,1.77,A,4,0.0006272,0.0005772,401,0.000301,0.000000,2.2,0.1
linux,32x18,1024,1.77,A,6,0.0005104,0.0004837,401,0.000319,0.000000,1.9,0.1
linux,32x18,1024,1.77,A,8,0.0004926,0.0004472,401,0.000475,0.000000,2.0,0.1
linux,32x18,1024,1.77,A,12,0.0005438,0.0004793,401,0.000674,0.000000,2.2,0.2
linux,32x18,1024,1.77,A,16,0.0006348,0.0005354,401,0.001259,0.000000,2.8,0.3
linux,32x18,1024,1.77,B,2,0.0227544,0.0178409,14,0.034056,0.000000,2589.1,0.4
linux,32x18,1024,1.77,B,4,0.0079166,0.0070405,38,0.018548,0.000000,1403.7,0.4
linux,32x18,1024,1.77,B,6,0.0046110,0.0033906,65,0.010321,0.003303,821.7,0.3
linux,32x18,1024,1.77,B,8,0.0069767,0.0034986,44,0.006044,0.014847,1038.4,0.6
linux,32x18,1024,1.77,B,12,0.0163131,0.0084128,20,0.008417,0.032050,3108.4,1.4
linux,32x18,1024,1.77,B,16,0.0173188,0.0099129,19,0.010704,0.031784,3353.7,1.4
linux,32x18,4096,7.08,seq,1,0.0104911,0.0080477,28,0.008740,0.002098,0.0,0.1
linux,32x18,4096,7.08,A,2,0.0042862,0.0040621,70,0.004307,0.000000,1.4,0.4
linux,32x18,4096,7.08,A,4,0.0022193,0.0020863,134,0.002332,0.000000,2.0,0.4
linux,32x18,4096,7.08,A,6,0.0017287,0.0015176,170,0.001995,0.000000,2.7,0.5
linux,32x18,4096,7.08,A,8,0.0017000,0.0014568,172,0.002683,0.000000,3.1,0.7
linux,32x18,4096,7.08,A,12,0.0016452,0.0015173,180,0.002853,0.000000,2.3,0.6
linux,32x18,4096,7.08,A,16,0.0017081,0.0013996,178,0.004506,0.000000,2.3,1.0
linux,32x18,4096,7.08,B,2,0.0845211,0.0822205,7,0.132106,0.000000,10835.9,0.3
linux,32x18,4096,7.08,B,4,0.0325621,0.0258858,10,0.075518,0.000000,5777.8,0.7
linux,32x18,4096,7.08,B,6,0.0272385,0.0151810,14,0.043256,0.029314,3328.4,0.9
linux,32x18,4096,7.08,B,8,0.0267662,0.0188814,11,0.032110,0.054139,4353.7,0.7
linux,32x18,4096,7.08,B,12,0.0611100,0.0561900,7,0.046571,0.125603,12844.9,0.9
linux,32x18,4096,7.08,B,16,0.0678577,0.0662569,7,0.049533,0.136651,14653.3,1.7
linux,32x18,16384,28.31,seq,1,0.0354152,0.0307622,9,0.029667,0.008511,0.0,0.2
linux,32x18,16384,28.31,A,2,0.0169586,0.0160547,18,0.024295,0.006878,1.4,0.8
linux,32x18,16384,28.31,A,4,0.0086721,0.0083198,35,0.021898,0.004238,2.1,1.5
linux,32x18,16384,28.31,A,6,0.0067274,0.0059493,45,0.020801,0.003573,2.8,2.0
linux,32x18,16384,28.31,A,8,0.0062854,0.0053211,49,0.023827,0.003056,2.6,1.8
linux,32x18,16384,28.31,A,12,0.0055870,0.0049323,55,0.030611,0.001918,3.0,2.7
linux,32x18,16384,28.31,A,16,0.0059753,0.0054310,51,0.042426,0.005289,3.6,4.4
linux,32x18,16384,28.31,B,2,0.3186787,0.3064731,7,0.165813,0.336054,42712.9,0.6
linux,32x18,16384,28.31,B,4,0.1313670,0.1166132,7,0.102974,0.214709,25473.1,2.0
linux,32x18,16384,28.31,B,6,0.0625667,0.0571630,7,0.087907,0.119137,11622.9,1.1
linux,32x18,16384,28.31,B,8,0.1093445,0.1008005,7,0.111831,0.217648,21132.7,1.0
linux,32x18,16384,28.31,B,12,0.2736637,0.2666704,7,0.193253,0.526721,56733.7,1.6
linux,32x18,16384,28.31,B,16,0.3000848,0.2902506,7,0.190169,0.563529,60837.0,2.6
