windows,32x18,1,0.00,seq,1,0.0000231,0.0000222,401,0.000000,0.000000,0.0,0.0
windows,32x18,1,0.00,A,2,0.0001460,0.0001125,401,0.000078,0.000117,0.0,0.0
windows,32x18,1,0.00,A,4,0.0002585,0.0001548,401,0.000312,0.000273,0.0,0.0
windows,32x18,1,0.00,A,6,0.0002356,0.0001998,401,0.000390,0.000390,0.0,0.0
windows,32x18,1,0.00,A,8,0.0002876,0.0002512,401,0.000662,0.000546,0.0,0.0
windows,32x18,1,0.00,A,12,0.0004225,0.0003516,401,0.000468,0.000701,0.0,0.0
windows,32x18,1,0.00,A,16,0.0005429,0.0004572,401,0.000740,0.001052,0.0,0.0
windows,32x18,1,0.00,B,2,0.0001677,0.0001387,401,0.000273,0.000195,0.0,0.0
windows,32x18,1,0.00,B,4,0.0002501,0.0001844,401,0.000234,0.000234,0.0,0.0
windows,32x18,1,0.00,B,6,0.0003551,0.0002316,401,0.000429,0.000273,0.0,0.0
windows,32x18,1,0.00,B,8,0.0003805,0.0002805,401,0.000312,0.000584,0.0,0.0
windows,32x18,1,0.00,B,12,0.0005428,0.0003728,401,0.000584,0.000623,0.0,0.0
windows,32x18,1,0.00,B,16,0.0005695,0.0004780,401,0.000312,0.000896,0.0,0.0
windows,32x18,4,0.01,seq,1,0.0000303,0.0000292,401,0.000000,0.000039,0.0,0.0
windows,32x18,4,0.01,A,2,0.0001920,0.0001338,401,0.000117,0.000117,0.0,0.0
windows,32x18,4,0.01,A,4,0.0002011,0.0001626,401,0.000312,0.000234,0.0,0.0
windows,32x18,4,0.01,A,6,0.0002504,0.0002010,401,0.000390,0.000351,0.0,0.0
windows,32x18,4,0.01,A,8,0.0003186,0.0002664,401,0.000507,0.000662,0.0,0.0
windows,32x18,4,0.01,A,12,0.0004783,0.0003878,220,0.001207,0.000994,0.0,0.0
windows,32x18,4,0.01,A,16,0.0016262,0.0006900,33,0.003314,0.001420,0.0,0.0
windows,32x18,4,0.01,B,2,0.0004235,0.0002020,42,0.000372,0.000372,0.0,0.0
windows,32x18,4,0.01,B,4,0.0316538,0.0026335,7,0.000000,0.002232,0.0,0.0
windows,32x18,4,0.01,B,6,0.0012183,0.0007380,158,0.000593,0.001187,0.0,0.0
windows,32x18,4,0.01,B,8,0.0010789,0.0007273,239,0.000523,0.000719,0.0,0.0
windows,32x18,4,0.01,B,12,0.0012775,0.0009951,207,0.000528,0.001510,0.0,0.0
windows,32x18,4,0.01,B,16,0.0016998,0.0012277,116,0.000808,0.001751,0.0,0.0
windows,32x18,16,0.03,seq,1,0.0001531,0.0001388,401,0.000000,0.000195,0.0,0.0
windows,32x18,16,0.03,A,2,0.0008909,0.0005744,196,0.000239,0.000797,0.0,0.0
windows,32x18,16,0.03,A,4,0.0016680,0.0009945,114,0.000411,0.000959,0.0,0.0
windows,32x18,16,0.03,A,6,0.0023318,0.0015405,55,0.000852,0.000852,0.0,0.0
windows,32x18,16,0.03,A,8,0.0028557,0.0014014,57,0.001096,0.001371,0.0,0.0
windows,32x18,16,0.03,A,12,0.0023209,0.0018414,109,0.001433,0.001720,0.0,0.0
windows,32x18,16,0.03,A,16,0.0035630,0.0024842,62,0.002016,0.004032,0.0,0.0
windows,32x18,16,0.03,B,2,0.0005562,0.0003540,401,0.000468,0.000351,0.0,0.0
windows,32x18,16,0.03,B,4,0.0006068,0.0004212,376,0.000374,0.000790,0.0,0.0
windows,32x18,16,0.03,B,6,0.0007283,0.0005526,382,0.000695,0.000532,0.0,0.0
windows,32x18,16,0.03,B,8,0.0012256,0.0006947,209,0.000822,0.001196,0.0,0.0
windows,32x18,16,0.03,B,12,0.0028305,0.0013404,34,0.002757,0.000460,0.0,0.0
windows,32x18,16,0.03,B,16,0.0013538,0.0009907,205,0.001220,0.001524,0.0,0.0
windows,32x18,64,0.11,seq,1,0.0003710,0.0001708,401,0.000234,0.000156,0.0,0.0
windows,32x18,64,0.11,A,2,0.0008125,0.0005053,316,0.000494,0.000544,0.0,0.0
windows,32x18,64,0.11,A,4,0.0007581,0.0005159,370,0.000465,0.000887,0.0,0.0
windows,32x18,64,0.11,A,6,0.0009095,0.0007099,306,0.000817,0.001225,0.0,0.0
windows,32x18,64,0.11,A,8,0.0010363,0.0008632,266,0.001469,0.001175,0.0,0.0
windows,32x18,64,0.11,A,12,0.0014780,0.0011672,191,0.002127,0.002291,0.0,0.0
windows,32x18,64,0.11,A,16,0.0019118,0.0015940,135,0.002199,0.003009,0.0,0.0
windows,32x18,64,0.11,B,2,0.0006578,0.0004167,325,0.000481,0.000769,0.0,0.0
windows,32x18,64,0.11,B,4,0.0006793,0.0004299,378,0.000744,0.000661,0.0,0.0
windows,32x18,64,0.11,B,6,0.0008819,0.0006584,296,0.000686,0.000845,0.0,0.0
windows,32x18,64,0.11,B,8,0.0009611,0.0006773,273,0.000572,0.001431,0.0,0.0
windows,32x18,64,0.11,B,12,0.0012127,0.0008534,175,0.000982,0.001518,0.0,0.0
windows,32x18,64,0.11,B,16,0.0014939,0.0011177,173,0.000903,0.001806,0.0,0.0
windows,32x18,256,0.44,seq,1,0.0013604,0.0006476,193,0.000567,0.000972,0.0,0.0
windows,32x18,256,0.44,A,2,0.0016028,0.0010105,111,0.001689,0.001408,0.0,0.0
windows,32x18,256,0.44,A,4,0.0012957,0.0009415,194,0.001530,0.001289,0.0,0.0
windows,32x18,256,0.44,A,6,0.0011366,0.0009523,250,0.001625,0.001687,0.0,0.0
windows,32x18,256,0.44,A,8,0.0014343,0.0011689,181,0.001554,0.002331,0.0,0.0
windows,32x18,256,0.44,A,12,0.0017766,0.0015087,158,0.001582,0.002571,0.0,0.0
windows,32x18,256,0.44,A,16,0.0022048,0.0019174,130,0.002163,0.003125,0.0,0.0
windows,32x18,256,0.44,B,2,0.0019216,0.0008902,89,0.002458,0.001756,0.0,0.0
windows,32x18,256,0.44,B,4,0.0015582,0.0009007,152,0.001439,0.001850,0.0,0.0
windows,32x18,256,0.44,B,6,0.0013153,0.0009147,198,0.001342,0.001578,0.0,0.0
windows,32x18,256,0.44,B,8,0.0014434,0.0009367,172,0.001453,0.002634,0.0,0.0
windows,32x18,256,0.44,B,12,0.0016830,0.0013416,162,0.001929,0.002025,0.0,0.0
windows,32x18,256,0.44,B,16,0.0019044,0.0014444,131,0.001551,0.002624,0.0,0.0
windows,32x18,1024,1.77,seq,1,0.0068463,0.0049450,38,0.002878,0.002878,0.0,0.0
windows,32x18,1024,1.77,A,2,0.0041939,0.0032794,65,0.003846,0.003365,0.0,0.0
windows,32x18,1024,1.77,A,4,0.0038459,0.0028682,68,0.003906,0.003676,0.0,0.0
windows,32x18,1024,1.77,A,6,0.0044686,0.0030443,62,0.005040,0.004284,0.0,0.0
windows,32x18,1024,1.77,A,8,0.0049814,0.0035387,56,0.002790,0.005580,0.0,0.0
windows,32x18,1024,1.77,A,12,0.0054754,0.0041425,47,0.003989,0.005652,0.0,0.0
windows,32x18,1024,1.77,A,16,0.0065470,0.0052465,43,0.006541,0.005087,0.0,0.0
windows,32x18,1024,1.77,B,2,0.0048006,0.0031020,59,0.003708,0.003708,0.0,0.0
windows,32x18,1024,1.77,B,4,0.0033670,0.0025277,85,0.003676,0.003493,0.0,0.0
windows,32x18,1024,1.77,B,6,0.0038011,0.0024249,67,0.004431,0.004897,0.0,0.0
windows,32x18,1024,1.77,B,8,0.0036882,0.0026876,71,0.004621,0.003521,0.0,0.0
windows,32x18,1024,1.77,B,12,0.0042152,0.0029853,64,0.003174,0.004395,0.0,0.0
windows,32x18,1024,1.77,B,16,0.0037798,0.0028827,70,0.003348,0.003795,0.0,0.0
windows,32x18,4096,7.08,seq,1,0.0257215,0.0233523,9,0.012153,0.012153,0.0,0.0
windows,32x18,4096,7.08,A,2,0.0187725,0.0141911,15,0.015625,0.025000,0.0,0.0
windows,32x18,4096,7.08,A,4,0.0118631,0.0089158,26,0.019231,0.012620,0.0,0.0
windows,32x18,4096,7.08,A,6,0.0092879,0.0079351,31,0.014617,0.014617,0.0,0.0
windows,32x18,4096,7.08,A,8,0.0181526,0.0122587,16,0.010742,0.019531,0.0,0.0
windows,32x18,4096,7.08,A,12,0.0108442,0.0082285,25,0.013125,0.018125,0.0,0.0
windows,32x18,4096,7.08,A,16,0.0087131,0.0081944,34,0.015625,0.018842,0.0,0.0
windows,32x18,4096,7.08,B,2,0.0220667,0.0152292,12,0.005208,0.028646,0.0,0.0
windows,32x18,4096,7.08,B,4,0.0157570,0.0133460,13,0.022837,0.020433,0.0,0.0
windows,32x18,4096,7.08,B,6,0.0387119,0.0167924,9,0.019097,0.026042,0.0,0.0
windows,32x18,4096,7.08,B,8,0.0220996,0.0164144,12,0.016927,0.031250,0.0,0.0
windows,32x18,4096,7.08,B,12,0.0398710,0.0273688,7,0.044643,0.024554,0.0,0.0
windows,32x18,4096,7.08,B,16,0.0377014,0.0274810,8,0.025391,0.033203,0.0,0.0
windows,32x18,16384,28.31,seq,1,0.1397251,0.1154215,7,0.095982,0.044643,0.0,0.0
windows,32x18,16384,28.31,A,2,0.0615348,0.0515816,7,0.064732,0.046875,0.0,0.0
windows,32x18,16384,28.31,A,4,0.0590987,0.0455026,7,0.073661,0.035714,0.0,0.0
windows,32x18,16384,28.31,A,6,0.0369125,0.0341266,8,0.058594,0.056641,0.0,0.0
windows,32x18,16384,28.31,A,8,0.0374903,0.0339048,8,0.058594,0.037109,0.0,0.0
windows,32x18,16384,28.31,A,12,0.0324534,0.0313672,10,0.062500,0.046875,0.0,0.0
windows,32x18,16384,28.31,A,16,0.0331751,0.0313348,9,0.057292,0.059028,0.0,0.0
windows,32x18,16384,28.31,B,2,0.0705100,0.0484713,7,0.060268,0.053571,0.0,0.0
windows,32x18,16384,28.31,B,4,0.0885971,0.0544372,7,0.073661,0.078125,0.0,0.0
windows,32x18,16384,28.31,B,6,0.1495004,0.1309452,7,0.080357,0.102679,0.0,0.0
windows,32x18,16384,28.31,B,8,0.0944081,0.0610533,7,0.087054,0.062500,0.0,0.0
windows,32x18,16384,28.31,B,12,0.1290657,0.0637369,7,0.078125,0.102679,0.0,0.0
windows,32x18,16384,28.31,B,16,0.0943741,0.0753823,7,0.060268,0.073661,0.0,0.0
