os,frames,P,cpt,n_chunks,redundant_frames,median_total_s,median_par_s,median_thr_s,seq_s
windows,0,1,1,0,0,0.0001135,0.0001134,0.0000000,0.0000314
windows,0,1,4,0,0,0.0001136,0.0001136,0.0000001,0.0000314
windows,0,1,16,0,0,0.0001230,0.0001229,0.0000001,0.0000314
windows,0,1,64,0,0,0.0001177,0.0001177,0.0000001,0.0000314
windows,0,4,1,0,0,0.0002591,0.0002590,0.0000001,0.0000314
windows,0,4,4,0,0,0.0003137,0.0003136,0.0000001,0.0000314
windows,0,4,16,0,0,0.0002801,0.0002801,0.0000001,0.0000314
windows,0,4,64,0,0,0.0002772,0.0002771,0.0000001,0.0000314
windows,0,8,1,0,0,0.0005306,0.0005305,0.0000001,0.0000314
windows,0,8,4,0,0,0.0005228,0.0005227,0.0000001,0.0000314
windows,0,8,16,0,0,0.0006812,0.0006811,0.0000002,0.0000314
windows,0,8,64,0,0,0.0005548,0.0005548,0.0000001,0.0000314
windows,0,16,1,0,0,0.0010652,0.0010651,0.0000001,0.0000314
windows,0,16,4,0,0,0.0010648,0.0010647,0.0000001,0.0000314
windows,0,16,16,0,0,0.0010527,0.0010525,0.0000001,0.0000314
windows,0,16,64,0,0,0.0010198,0.0010197,0.0000001,0.0000314
windows,4,1,1,1,0,0.0004477,0.0004470,0.0000011,0.0002585
windows,4,1,4,4,3,0.0005799,0.0005794,0.0000006,0.0002585
windows,4,1,16,4,3,0.0006561,0.0006552,0.0000007,0.0002585
windows,4,1,64,4,3,0.0006055,0.0006049,0.0000006,0.0002585
windows,4,4,1,4,3,0.0004203,0.0004199,0.0000004,0.0002585
windows,4,4,4,4,3,0.0004232,0.0004227,0.0000004,0.0002585
windows,4,4,16,4,3,0.0004120,0.0004118,0.0000004,0.0002585
windows,4,4,64,4,3,0.0004245,0.0004241,0.0000004,0.0002585
windows,4,8,1,4,3,0.0006474,0.0006467,0.0000006,0.0002585
windows,4,8,4,4,3,0.0007448,0.0007442,0.0000007,0.0002585
windows,4,8,16,4,3,0.0006179,0.0006172,0.0000006,0.0002585
windows,4,8,64,4,3,0.0015319,0.0015304,0.0000011,0.0002585
windows,4,16,1,4,3,0.0029550,0.0029534,0.0000015,0.0002585
windows,4,16,4,4,3,0.0030009,0.0029993,0.0000017,0.0002585
windows,4,16,16,4,3,0.0040094,0.0040073,0.0000018,0.0002585
windows,4,16,64,4,3,0.0028794,0.0028779,0.0000016,0.0002585
windows,8,1,1,1,0,0.0018263,0.0018248,0.0000015,0.0014144
windows,8,1,4,4,3,0.0022764,0.0022751,0.0000014,0.0014144
windows,8,1,16,8,7,0.0030887,0.0030870,0.0000016,0.0014144
windows,8,1,64,8,7,0.0057505,0.0057485,0.0000020,0.0014144
windows,8,4,1,4,3,0.0014049,0.0014031,0.0000013,0.0014144
windows,8,4,4,8,7,0.0015489,0.0015475,0.0000014,0.0014144
windows,8,4,16,8,7,0.0016932,0.0016914,0.0000013,0.0014144
windows,8,4,64,8,7,0.0015020,0.0015006,0.0000012,0.0014144
windows,8,8,1,8,7,0.0021268,0.0021255,0.0000012,0.0014144
windows,8,8,4,8,7,0.0020501,0.0020489,0.0000012,0.0014144
windows,8,8,16,8,7,0.0023890,0.0023879,0.0000013,0.0014144
windows,8,8,64,8,7,0.0020476,0.0020464,0.0000012,0.0014144
windows,8,16,1,8,7,0.0040134,0.0040114,0.0000016,0.0014144
windows,8,16,4,8,7,0.0036324,0.0036309,0.0000017,0.0014144
windows,8,16,16,8,7,0.0037873,0.0037856,0.0000016,0.0014144
windows,8,16,64,8,7,0.0039679,0.0039661,0.0000017,0.0014144
windows,16,1,1,1,0,0.0031780,0.0031763,0.0000016,0.0026644
windows,16,1,4,4,3,0.0036885,0.0036872,0.0000016,0.0026644
windows,16,1,16,16,15,0.0053625,0.0053609,0.0000015,0.0026644
windows,16,1,64,16,15,0.0053624,0.0053607,0.0000017,0.0026644
windows,16,4,1,4,3,0.0020251,0.0020236,0.0000015,0.0026644
windows,16,4,4,16,15,0.0025140,0.0025126,0.0000014,0.0026644
windows,16,4,16,16,15,0.0021164,0.0021149,0.0000015,0.0026644
windows,16,4,64,16,15,0.0026788,0.0026771,0.0000015,0.0026644
windows,16,8,1,8,7,0.0024760,0.0024744,0.0000014,0.0026644
windows,16,8,4,16,15,0.0026755,0.0026739,0.0000016,0.0026644
windows,16,8,16,16,15,0.0035460,0.0035443,0.0000015,0.0026644
windows,16,8,64,16,15,0.0028817,0.0028801,0.0000016,0.0026644
windows,16,16,1,16,15,0.0043799,0.0043784,0.0000015,0.0026644
windows,16,16,4,16,15,0.0071125,0.0071112,0.0000017,0.0026644
windows,16,16,16,16,15,0.0042329,0.0042315,0.0000014,0.0026644
windows,16,16,64,16,15,0.0044936,0.0044920,0.0000015,0.0026644
windows,32,1,1,1,0,0.0059222,0.0059196,0.0000025,0.0053156
windows,32,1,4,4,3,0.0062613,0.0062590,0.0000024,0.0053156
windows,32,1,16,16,15,0.0081045,0.0081022,0.0000023,0.0053156
windows,32,1,64,32,31,0.0104289,0.0104270,0.0000023,0.0053156
windows,32,4,1,4,3,0.0024936,0.0024915,0.0000019,0.0053156
windows,32,4,4,16,15,0.0034422,0.0034404,0.0000020,0.0053156
windows,32,4,16,32,31,0.0035389,0.0035369,0.0000019,0.0053156
windows,32,4,64,32,31,0.0034957,0.0034936,0.0000020,0.0053156
windows,32,8,1,8,7,0.0035509,0.0035490,0.0000020,0.0053156
windows,32,8,4,32,31,0.0041338,0.0041315,0.0000020,0.0053156
windows,32,8,16,32,31,0.0039618,0.0039602,0.0000020,0.0053156
windows,32,8,64,32,31,0.0049065,0.0049044,0.0000021,0.0053156
windows,32,16,1,16,15,0.0046005,0.0045986,0.0000022,0.0053156
windows,32,16,4,32,31,0.0064748,0.0064722,0.0000021,0.0053156
windows,32,16,16,32,31,0.0061996,0.0061973,0.0000022,0.0053156
windows,32,16,64,32,31,0.0053161,0.0053141,0.0000021,0.0053156
windows,64,1,1,1,0,0.0112044,0.0112011,0.0000033,0.0103579
windows,64,1,4,4,3,0.0114576,0.0114545,0.0000032,0.0103579
windows,64,1,16,16,15,0.0132935,0.0132904,0.0000032,0.0103579
windows,64,1,64,64,63,0.0208996,0.0208959,0.0000036,0.0103579
windows,64,4,1,4,3,0.0058005,0.0057976,0.0000031,0.0103579
windows,64,4,4,16,15,0.0049888,0.0049863,0.0000029,0.0103579
windows,64,4,16,64,63,0.0068804,0.0068780,0.0000029,0.0103579
windows,64,4,64,64,63,0.0060740,0.0060712,0.0000031,0.0103579
windows,64,8,1,8,7,0.0050185,0.0050160,0.0000029,0.0103579
windows,64,8,4,32,31,0.0053024,0.0052998,0.0000029,0.0103579
windows,64,8,16,64,63,0.0066577,0.0066546,0.0000030,0.0103579
windows,64,8,64,64,63,0.0072967,0.0072941,0.0000029,0.0103579
windows,64,16,1,16,15,0.0070122,0.0070090,0.0000031,0.0103579
windows,64,16,4,64,63,0.0077644,0.0077616,0.0000028,0.0103579
windows,64,16,16,64,63,0.0092251,0.0092221,0.0000031,0.0103579
windows,64,16,64,64,63,0.0089026,0.0088996,0.0000031,0.0103579
windows,128,1,1,1,0,0.0215838,0.0215797,0.0000041,0.0213566
windows,128,1,4,4,3,0.0225772,0.0225724,0.0000041,0.0213566
windows,128,1,16,16,15,0.0240363,0.0240322,0.0000036,0.0213566
windows,128,1,64,64,63,0.0313162,0.0313121,0.0000041,0.0213566
windows,128,4,1,4,3,0.0117064,0.0117023,0.0000044,0.0213566
windows,128,4,4,16,15,0.0085144,0.0085102,0.0000042,0.0213566
windows,128,4,16,64,63,0.0105223,0.0105178,0.0000044,0.0213566
windows,128,4,64,128,127,0.0129568,0.0129523,0.0000044,0.0213566
windows,128,8,1,8,7,0.0116806,0.0116767,0.0000040,0.0213566
windows,128,8,4,32,31,0.0124334,0.0124293,0.0000041,0.0213566
windows,128,8,16,128,127,0.0121983,0.0121941,0.0000042,0.0213566
windows,128,8,64,128,127,0.0123094,0.0123053,0.0000041,0.0213566
windows,128,16,1,16,15,0.0092027,0.0091966,0.0000042,0.0213566
windows,128,16,4,64,63,0.0151702,0.0151653,0.0000042,0.0213566
windows,128,16,16,128,127,0.0165348,0.0165307,0.0000043,0.0213566
windows,128,16,64,128,127,0.0147701,0.0147666,0.0000037,0.0213566
windows,256,1,1,1,0,0.0438693,0.0438591,0.0000062,0.0429032
windows,256,1,4,4,3,0.0441390,0.0441327,0.0000063,0.0429032
windows,256,1,16,16,15,0.0455120,0.0455057,0.0000061,0.0429032
windows,256,1,64,64,63,0.0530225,0.0530167,0.0000061,0.0429032
windows,256,4,1,4,3,0.0181136,0.0181072,0.0000063,0.0429032
windows,256,4,4,16,15,0.0172226,0.0172172,0.0000063,0.0429032
windows,256,4,16,64,63,0.0165916,0.0165851,0.0000064,0.0429032
windows,256,4,64,256,255,0.0313263,0.0313198,0.0000063,0.0429032
windows,256,8,1,8,7,0.0170580,0.0170529,0.0000062,0.0429032
windows,256,8,4,32,31,0.0161318,0.0161259,0.0000059,0.0429032
windows,256,8,16,128,127,0.0240696,0.0240635,0.0000063,0.0429032
windows,256,8,64,256,255,0.0227551,0.0227488,0.0000061,0.0429032
windows,256,16,1,16,15,0.0162504,0.0162436,0.0000061,0.0429032
windows,256,16,4,64,63,0.0163010,0.0162835,0.0000062,0.0429032
windows,256,16,16,256,255,0.0258782,0.0258730,0.0000052,0.0429032
windows,256,16,64,256,255,0.0286194,0.0286136,0.0000063,0.0429032
windows,1024,1,1,1,0,0.1656195,0.1656005,0.0000201,0.1562531
windows,1024,1,4,4,3,0.1684103,0.1683894,0.0000228,0.1562531
windows,1024,1,16,16,15,0.1680020,0.1679818,0.0000222,0.1562531
windows,1024,1,64,64,63,0.1653367,0.1653137,0.0000192,0.1562531
windows,1024,4,1,4,3,0.0460140,0.0459981,0.0000159,0.1562531
windows,1024,4,4,16,15,0.0430782,0.0430618,0.0000164,0.1562531
windows,1024,4,16,64,63,0.0488241,0.0488083,0.0000154,0.1562531
windows,1024,4,64,256,255,0.0423617,0.0423467,0.0000154,0.1562531
windows,1024,8,1,8,7,0.0392801,0.0392655,0.0000159,0.1562531
windows,1024,8,4,32,31,0.0583070,0.0582911,0.0000158,0.1562531
windows,1024,8,16,128,127,0.0446831,0.0446676,0.0000156,0.1562531
windows,1024,8,64,512,511,0.0579313,0.0579163,0.0000152,0.1562531
windows,1024,16,1,16,15,0.0570865,0.0570643,0.0000215,0.1562531
windows,1024,16,4,64,63,0.0677509,0.0677327,0.0000222,0.1562531
windows,1024,16,16,256,255,0.0619525,0.0619342,0.0000224,0.1562531
windows,1024,16,64,1024,1023,0.1070154,0.1069920,0.0000211,0.1562531
windows,4096,1,1,1,0,0.4808801,0.4808363,0.0000438,0.6398755
windows,4096,1,4,4,3,0.6696929,0.6696410,0.0000613,0.6398755
windows,4096,1,16,16,15,0.6803687,0.6803061,0.0000595,0.6398755
windows,4096,1,64,64,63,0.6866166,0.6865510,0.0000612,0.6398755
windows,4096,4,1,4,3,0.1850685,0.1850051,0.0000616,0.6398755
windows,4096,4,4,16,15,0.2217952,0.2217352,0.0000616,0.6398755
windows,4096,4,16,64,63,0.2024523,0.2023898,0.0000624,0.6398755
windows,4096,4,64,256,255,0.2111214,0.2110686,0.0000602,0.6398755
windows,4096,8,1,8,7,0.2059764,0.2059243,0.0000535,0.6398755
windows,4096,8,4,32,31,0.1864056,0.1863422,0.0000642,0.6398755
windows,4096,8,16,128,127,0.1851126,0.1850507,0.0000539,0.6398755
windows,4096,8,64,512,511,0.2087717,0.2087173,0.0000544,0.6398755
windows,4096,16,1,16,15,0.1981961,0.1981350,0.0000618,0.6398755
windows,4096,16,4,64,63,0.1864368,0.1863746,0.0000622,0.6398755
windows,4096,16,16,256,255,0.2247822,0.2247174,0.0000610,0.6398755
windows,4096,16,64,1024,1023,0.2403195,0.2402519,0.0000541,0.6398755
