shots,threads,t_similarity,t_thread_dp,t_phases,t_scene_dp,total,serial_pct
1000,1,0.00149,0.000167,1.2e-05,0.000431,0.0021,29.0
1000,4,0.000836,0.000148,1e-05,0.000406,0.001399,40.3
1000,8,0.001244,0.000161,1e-05,0.000427,0.001842,32.5
10000,1,0.011681,0.001406,0.000205,0.00484,0.018132,35.6
10000,4,0.004781,0.001535,0.000145,0.004948,0.01141,58.1
10000,8,0.003621,0.001403,0.000134,0.004249,0.009407,61.5
100000,1,0.114371,0.014367,0.000438,0.047317,0.176493,35.2
100000,4,0.037868,0.013511,0.00047,0.042915,0.094764,60.0
100000,8,0.030501,0.013596,0.000473,0.040762,0.085333,64.3
1000000,1,1.267179,0.160943,0.005373,0.584209,2.017704,37.2
1000000,4,0.340723,0.143502,0.006601,0.419359,0.910185,62.6
1000000,8,0.280912,0.137208,0.004706,0.445483,0.868308,67.6
