video,arch,workers,rep,seconds,frames
bbb,seq,1,0,1.344,14315
bbb,seq,1,1,1.211,14315
bbb,seq,1,2,1.196,14315
bbb,seq,1,3,1.191,14315
bbb,seq,1,4,1.162,14315
bbb,seq,1,5,1.196,14315
bbb,seq,1,6,1.189,14315
bbb,seqP,1,0,1.155,14315
bbb,seqP,1,1,1.165,14315
bbb,seqP,1,2,1.162,14315
bbb,seqP,1,3,1.163,14315
bbb,seqP,1,4,1.168,14315
bbb,seqP,1,5,1.18,14315
bbb,seqP,1,6,1.159,14315
bbb,a,1,0,1.212,14315
bbb,a,1,1,1.174,14315
bbb,a,1,2,1.197,14315
bbb,a,1,3,1.152,14315
bbb,a,1,4,1.176,14315
bbb,a,1,5,1.214,14315
bbb,a,1,6,1.195,14315
bbb,a,2,0,0.699,14315
bbb,a,2,1,0.663,14315
bbb,a,2,2,0.704,14315
bbb,a,2,3,0.626,14315
bbb,a,2,4,0.635,14315
bbb,a,2,5,0.731,14315
bbb,a,2,6,0.805,14315
bbb,a,3,0,0.472,14315
bbb,a,3,1,0.43,14315
bbb,a,3,2,0.453,14315
bbb,a,3,3,0.434,14315
bbb,a,3,4,0.428,14315
bbb,a,3,5,0.516,14315
bbb,a,3,6,0.445,14315
bbb,a,4,0,0.335,14315
bbb,a,4,1,0.352,14315
bbb,a,4,2,0.384,14315
bbb,a,4,3,0.36,14315
bbb,a,4,4,0.346,14315
bbb,a,4,5,0.347,14315
bbb,a,4,6,0.445,14315
bbb,a,5,0,0.323,14315
bbb,a,5,1,0.349,14315
bbb,a,5,2,0.312,14315
bbb,a,5,3,0.326,14315
bbb,a,5,4,0.346,14315
bbb,a,5,5,0.326,14315
bbb,a,5,6,0.332,14315
bbb,a,6,0,0.319,14315
bbb,a,6,1,0.307,14315
bbb,a,6,2,0.3,14315
bbb,a,6,3,0.308,14315
bbb,a,6,4,0.289,14315
bbb,a,6,5,0.303,14315
bbb,a,6,6,0.312,14315
bbb,a,7,0,0.291,14315
bbb,a,7,1,0.286,14315
bbb,a,7,2,0.289,14315
bbb,a,7,3,0.302,14315
bbb,a,7,4,0.261,14315
bbb,a,7,5,0.254,14315
bbb,a,7,6,0.251,14315
bbb,a,8,0,0.24,14315
bbb,a,8,1,0.253,14315
bbb,a,8,2,0.248,14315
bbb,a,8,3,0.25,14315
bbb,a,8,4,0.258,14315
bbb,a,8,5,0.239,14315
bbb,a,8,6,0.27,14315
bbb,a,9,0,0.266,14315
bbb,a,9,1,0.237,14315
bbb,a,9,2,0.235,14315
bbb,a,9,3,0.242,14315
bbb,a,9,4,0.25,14315
bbb,a,9,5,0.248,14315
bbb,a,9,6,0.245,14315
bbb,a,10,0,0.244,14315
bbb,a,10,1,0.248,14315
bbb,a,10,2,0.23,14315
bbb,a,10,3,0.241,14315
bbb,a,10,4,0.23,14315
bbb,a,10,5,0.236,14315
bbb,a,10,6,0.263,14315
bbb,a,11,0,0.234,14315
bbb,a,11,1,0.233,14315
bbb,a,11,2,0.249,14315
bbb,a,11,3,0.282,14315
bbb,a,11,4,0.238,14315
bbb,a,11,5,0.234,14315
bbb,a,11,6,0.239,14315
bbb,a,12,0,0.246,14315
bbb,a,12,1,0.236,14315
bbb,a,12,2,0.219,14315
bbb,a,12,3,0.252,14315
bbb,a,12,4,0.243,14315
bbb,a,12,5,0.257,14315
bbb,a,12,6,0.245,14315
bbb,b,1,0,1.182,14315
bbb,b,1,1,1.209,14315
bbb,b,1,2,1.19,14315
bbb,b,1,3,1.165,14315
bbb,b,1,4,1.179,14315
bbb,b,1,5,1.116,14315
bbb,b,1,6,1.208,14315
bbb,b,2,0,0.595,14315
bbb,b,2,1,0.658,14315
bbb,b,2,2,0.676,14315
bbb,b,2,3,0.609,14315
bbb,b,2,4,0.668,14315
bbb,b,2,5,0.635,14315
bbb,b,2,6,0.597,14315
bbb,b,3,0,0.418,14315
bbb,b,3,1,0.475,14315
bbb,b,3,2,0.434,14315
bbb,b,3,3,0.446,14315
bbb,b,3,4,0.486,14315
bbb,b,3,5,0.457,14315
bbb,b,3,6,0.395,14315
bbb,b,4,0,0.39,14315
bbb,b,4,1,0.393,14315
bbb,b,4,2,0.393,14315
bbb,b,4,3,0.425,14315
bbb,b,4,4,0.362,14315
bbb,b,4,5,0.377,14315
bbb,b,4,6,0.387,14315
bbb,b,5,0,0.426,14315
bbb,b,5,1,0.408,14315
bbb,b,5,2,0.388,14315
bbb,b,5,3,0.373,14315
bbb,b,5,4,0.398,14315
bbb,b,5,5,0.406,14315
bbb,b,5,6,0.4,14315
bbb,b,6,0,0.407,14315
bbb,b,6,1,0.437,14315
bbb,b,6,2,0.401,14315
bbb,b,6,3,0.438,14315
bbb,b,6,4,0.42,14315
bbb,b,6,5,0.439,14315
bbb,b,6,6,0.465,14315
bbb,b,7,0,0.423,14315
bbb,b,7,1,0.471,14315
bbb,b,7,2,0.419,14315
bbb,b,7,3,0.44,14315
bbb,b,7,4,0.401,14315
bbb,b,7,5,0.397,14315
bbb,b,7,6,0.408,14315
bbb,b,8,0,0.428,14315
bbb,b,8,1,0.434,14315
bbb,b,8,2,0.436,14315
bbb,b,8,3,0.557,14315
bbb,b,8,4,0.468,14315
bbb,b,8,5,0.455,14315
bbb,b,8,6,0.416,14315
bbb,b,9,0,0.435,14315
bbb,b,9,1,0.421,14315
bbb,b,9,2,0.426,14315
bbb,b,9,3,0.471,14315
bbb,b,9,4,0.49,14315
bbb,b,9,5,0.486,14315
bbb,b,9,6,0.484,14315
bbb,b,10,0,0.487,14315
bbb,b,10,1,0.449,14315
bbb,b,10,2,0.487,14315
bbb,b,10,3,0.465,14315
bbb,b,10,4,0.508,14315
bbb,b,10,5,0.469,14315
bbb,b,10,6,0.472,14315
bbb,b,11,0,0.521,14315
bbb,b,11,1,0.524,14315
bbb,b,11,2,0.514,14315
bbb,b,11,3,0.535,14315
bbb,b,11,4,0.526,14315
bbb,b,11,5,0.532,14315
bbb,b,11,6,0.486,14315
bbb,b,12,0,0.48,14315
bbb,b,12,1,0.428,14315
bbb,b,12,2,0.427,14315
bbb,b,12,3,0.427,14315
bbb,b,12,4,0.419,14315
bbb,b,12,5,0.43,14315
bbb,b,12,6,0.43,14315
rai1,seq,1,0,1.178,14541
rai1,seq,1,1,1.22,14541
rai1,seq,1,2,1.151,14541
rai1,seq,1,3,1.165,14541
rai1,seq,1,4,1.142,14541
rai1,seq,1,5,1.198,14541
rai1,seq,1,6,1.177,14541
rai1,seqP,1,0,1.11,14541
rai1,seqP,1,1,1.115,14541
rai1,seqP,1,2,1.11,14541
rai1,seqP,1,3,1.12,14541
rai1,seqP,1,4,1.138,14541
rai1,seqP,1,5,1.115,14541
rai1,seqP,1,6,1.125,14541
rai1,a,1,0,1.22,14541
rai1,a,1,1,1.23,14541
rai1,a,1,2,1.217,14541
rai1,a,1,3,1.202,14541
rai1,a,1,4,1.211,14541
rai1,a,1,5,1.166,14541
rai1,a,1,6,1.231,14541
rai1,a,2,0,0.705,14541
rai1,a,2,1,0.771,14541
rai1,a,2,2,0.837,14541
rai1,a,2,3,0.607,14541
rai1,a,2,4,0.642,14541
rai1,a,2,5,0.605,14541
rai1,a,2,6,0.611,14541
rai1,a,3,0,0.441,14541
rai1,a,3,1,0.46,14541
rai1,a,3,2,0.441,14541
rai1,a,3,3,0.446,14541
rai1,a,3,4,0.462,14541
rai1,a,3,5,0.439,14541
rai1,a,3,6,0.464,14541
rai1,a,4,0,0.346,14541
rai1,a,4,1,0.343,14541
rai1,a,4,2,0.393,14541
rai1,a,4,3,0.348,14541
rai1,a,4,4,0.344,14541
rai1,a,4,5,0.348,14541
rai1,a,4,6,0.341,14541
rai1,a,5,0,0.328,14541
rai1,a,5,1,0.344,14541
rai1,a,5,2,0.299,14541
rai1,a,5,3,0.304,14541
rai1,a,5,4,0.304,14541
rai1,a,5,5,0.296,14541
rai1,a,5,6,0.296,14541
rai1,a,6,0,0.292,14541
rai1,a,6,1,0.27,14541
rai1,a,6,2,0.266,14541
rai1,a,6,3,0.272,14541
rai1,a,6,4,0.297,14541
rai1,a,6,5,0.282,14541
rai1,a,6,6,0.267,14541
rai1,a,7,0,0.262,14541
rai1,a,7,1,0.288,14541
rai1,a,7,2,0.271,14541
rai1,a,7,3,0.312,14541
rai1,a,7,4,0.285,14541
rai1,a,7,5,0.286,14541
rai1,a,7,6,0.283,14541
rai1,a,8,0,0.28,14541
rai1,a,8,1,0.273,14541
rai1,a,8,2,0.249,14541
rai1,a,8,3,0.251,14541
rai1,a,8,4,0.248,14541
rai1,a,8,5,0.273,14541
rai1,a,8,6,0.245,14541
rai1,a,9,0,0.255,14541
rai1,a,9,1,0.273,14541
rai1,a,9,2,0.246,14541
rai1,a,9,3,0.277,14541
rai1,a,9,4,0.25,14541
rai1,a,9,5,0.245,14541
rai1,a,9,6,0.262,14541
rai1,a,10,0,0.245,14541
rai1,a,10,1,0.245,14541
rai1,a,10,2,0.251,14541
rai1,a,10,3,0.243,14541
rai1,a,10,4,0.252,14541
rai1,a,10,5,0.256,14541
rai1,a,10,6,0.256,14541
rai1,a,11,0,0.238,14541
rai1,a,11,1,0.235,14541
rai1,a,11,2,0.238,14541
rai1,a,11,3,0.252,14541
rai1,a,11,4,0.233,14541
rai1,a,11,5,0.241,14541
rai1,a,11,6,0.233,14541
rai1,a,12,0,0.221,14541
rai1,a,12,1,0.219,14541
rai1,a,12,2,0.22,14541
rai1,a,12,3,0.224,14541
rai1,a,12,4,0.24,14541
rai1,a,12,5,0.228,14541
rai1,a,12,6,0.23,14541
rai2,seq,1,0,1.083,14283
rai2,seq,1,1,1.088,14283
rai2,seq,1,2,1.099,14283
rai2,seq,1,3,1.176,14283
rai2,seq,1,4,1.182,14283
rai2,seq,1,5,1.131,14283
rai2,seq,1,6,1.12,14283
rai2,seqP,1,0,1.152,14283
rai2,seqP,1,1,1.074,14283
rai2,seqP,1,2,1.08,14283
rai2,seqP,1,3,1.071,14283
rai2,seqP,1,4,1.088,14283
rai2,seqP,1,5,1.097,14283
rai2,seqP,1,6,1.074,14283
rai2,a,1,0,1.128,14283
rai2,a,1,1,1.121,14283
rai2,a,1,2,1.087,14283
rai2,a,1,3,1.201,14283
rai2,a,1,4,1.154,14283
rai2,a,1,5,1.16,14283
rai2,a,1,6,1.135,14283
rai2,a,2,0,0.577,14283
rai2,a,2,1,0.696,14283
rai2,a,2,2,0.627,14283
rai2,a,2,3,0.586,14283
rai2,a,2,4,0.592,14283
rai2,a,2,5,0.586,14283
rai2,a,2,6,0.575,14283
rai2,a,3,0,0.446,14283
rai2,a,3,1,0.411,14283
rai2,a,3,2,0.451,14283
rai2,a,3,3,0.431,14283
rai2,a,3,4,0.462,14283
rai2,a,3,5,0.425,14283
rai2,a,3,6,0.448,14283
rai2,a,4,0,0.338,14283
rai2,a,4,1,0.312,14283
rai2,a,4,2,0.363,14283
rai2,a,4,3,0.303,14283
rai2,a,4,4,0.33,14283
rai2,a,4,5,0.303,14283
rai2,a,4,6,0.329,14283
rai2,a,5,0,0.283,14283
rai2,a,5,1,0.269,14283
rai2,a,5,2,0.272,14283
rai2,a,5,3,0.27,14283
rai2,a,5,4,0.268,14283
rai2,a,5,5,0.268,14283
rai2,a,5,6,0.28,14283
rai2,a,6,0,0.253,14283
rai2,a,6,1,0.253,14283
rai2,a,6,2,0.266,14283
rai2,a,6,3,0.25,14283
rai2,a,6,4,0.253,14283
rai2,a,6,5,0.25,14283
rai2,a,6,6,0.291,14283
rai2,a,7,0,0.232,14283
rai2,a,7,1,0.24,14283
rai2,a,7,2,0.234,14283
rai2,a,7,3,0.255,14283
rai2,a,7,4,0.254,14283
rai2,a,7,5,0.308,14283
rai2,a,7,6,0.249,14283
rai2,a,8,0,0.26,14283
rai2,a,8,1,0.26,14283
rai2,a,8,2,0.273,14283
rai2,a,8,3,0.288,14283
rai2,a,8,4,0.317,14283
rai2,a,8,5,0.278,14283
rai2,a,8,6,0.294,14283
rai2,a,9,0,0.282,14283
rai2,a,9,1,0.256,14283
rai2,a,9,2,0.253,14283
rai2,a,9,3,0.258,14283
rai2,a,9,4,0.274,14283
rai2,a,9,5,0.25,14283
rai2,a,9,6,0.263,14283
rai2,a,10,0,0.238,14283
rai2,a,10,1,0.239,14283
rai2,a,10,2,0.243,14283
rai2,a,10,3,0.235,14283
rai2,a,10,4,0.24,14283
rai2,a,10,5,0.234,14283
rai2,a,10,6,0.233,14283
rai2,a,11,0,0.221,14283
rai2,a,11,1,0.22,14283
rai2,a,11,2,0.222,14283
rai2,a,11,3,0.224,14283
rai2,a,11,4,0.224,14283
rai2,a,11,5,0.223,14283
rai2,a,11,6,0.226,14283
rai2,a,12,0,0.206,14283
rai2,a,12,1,0.216,14283
rai2,a,12,2,0.204,14283
rai2,a,12,3,0.219,14283
rai2,a,12,4,0.231,14283
rai2,a,12,5,0.232,14283
rai2,a,12,6,0.22,14283
rai3,seq,1,0,1.093,14266
rai3,seq,1,1,1.077,14266
rai3,seq,1,2,1.228,14266
rai3,seq,1,3,1.102,14266
rai3,seq,1,4,1.119,14266
rai3,seq,1,5,1.077,14266
rai3,seq,1,6,1.065,14266
rai3,seqP,1,0,1.061,14266
rai3,seqP,1,1,1.06,14266
rai3,seqP,1,2,1.063,14266
rai3,seqP,1,3,1.065,14266
rai3,seqP,1,4,1.077,14266
rai3,seqP,1,5,1.098,14266
rai3,seqP,1,6,1.056,14266
rai3,a,1,0,1.164,14266
rai3,a,1,1,1.078,14266
rai3,a,1,2,1.092,14266
rai3,a,1,3,1.095,14266
rai3,a,1,4,1.065,14266
rai3,a,1,5,1.076,14266
rai3,a,1,6,1.075,14266
rai3,a,2,0,0.632,14266
rai3,a,2,1,0.604,14266
rai3,a,2,2,0.596,14266
rai3,a,2,3,0.664,14266
rai3,a,2,4,0.675,14266
rai3,a,2,5,0.654,14266
rai3,a,2,6,0.571,14266
rai3,a,3,0,0.449,14266
rai3,a,3,1,0.401,14266
rai3,a,3,2,0.4,14266
rai3,a,3,3,0.42,14266
rai3,a,3,4,0.407,14266
rai3,a,3,5,0.405,14266
rai3,a,3,6,0.395,14266
rai3,a,4,0,0.308,14266
rai3,a,4,1,0.318,14266
rai3,a,4,2,0.3,14266
rai3,a,4,3,0.304,14266
rai3,a,4,4,0.316,14266
rai3,a,4,5,0.313,14266
rai3,a,4,6,0.315,14266
rai3,a,5,0,0.3,14266
rai3,a,5,1,0.274,14266
rai3,a,5,2,0.267,14266
rai3,a,5,3,0.29,14266
rai3,a,5,4,0.295,14266
rai3,a,5,5,0.274,14266
rai3,a,5,6,0.269,14266
rai3,a,6,0,0.255,14266
rai3,a,6,1,0.292,14266
rai3,a,6,2,0.256,14266
rai3,a,6,3,0.245,14266
rai3,a,6,4,0.256,14266
rai3,a,6,5,0.267,14266
rai3,a,6,6,0.265,14266
rai3,a,7,0,0.262,14266
rai3,a,7,1,0.263,14266
rai3,a,7,2,0.266,14266
rai3,a,7,3,0.257,14266
rai3,a,7,4,0.246,14266
rai3,a,7,5,0.26,14266
rai3,a,7,6,0.294,14266
rai3,a,8,0,0.222,14266
rai3,a,8,1,0.225,14266
rai3,a,8,2,0.223,14266
rai3,a,8,3,0.25,14266
rai3,a,8,4,0.222,14266
rai3,a,8,5,0.234,14266
rai3,a,8,6,0.226,14266
rai3,a,9,0,0.234,14266
rai3,a,9,1,0.204,14266
rai3,a,9,2,0.216,14266
rai3,a,9,3,0.214,14266
rai3,a,9,4,0.213,14266
rai3,a,9,5,0.232,14266
rai3,a,9,6,0.216,14266
rai3,a,10,0,0.211,14266
rai3,a,10,1,0.211,14266
rai3,a,10,2,0.219,14266
rai3,a,10,3,0.2,14266
rai3,a,10,4,0.213,14266
rai3,a,10,5,0.201,14266
rai3,a,10,6,0.203,14266
rai3,a,11,0,0.211,14266
rai3,a,11,1,0.215,14266
rai3,a,11,2,0.205,14266
rai3,a,11,3,0.214,14266
rai3,a,11,4,0.238,14266
rai3,a,11,5,0.221,14266
rai3,a,11,6,0.211,14266
rai3,a,12,0,0.207,14266
rai3,a,12,1,0.23,14266
rai3,a,12,2,0.215,14266
rai3,a,12,3,0.213,14266
rai3,a,12,4,0.219,14266
rai3,a,12,5,0.218,14266
rai3,a,12,6,0.229,14266
