workers,mean_seconds,frames_per_s,speedup,speedup_min,speedup_max,efficiency_pct,karp_flatt_pct
1,1.2859,11513,0.99,0.91,1.08,99,
2,0.6575,22442,1.93,1.72,2.14,96,3.7
3,0.4543,32516,2.79,2.55,3.06,93,3.7
4,0.3582,41358,3.55,3.22,3.82,89,4.3
5,0.3363,44865,3.84,2.57,4.36,77,7.5
6,0.2966,50233,4.31,3.42,4.84,72,7.9
7,0.2764,53722,4.61,4.07,4.94,66,8.7
8,0.262,56483,4.85,4.34,5.25,61,9.3
9,0.2539,58303,5.0,4.51,5.42,56,10.0
10,0.2466,59926,5.14,4.73,5.64,51,10.5
11,0.2444,60473,5.19,4.78,5.57,47,11.2
12,0.2446,60451,5.19,4.79,5.76,43,11.9
