set,variant,P,median_s,min_s,reps,cpu_user_s,cpu_sys_s,fps,p90_s
all,compute,1,0.829691,0.535343,15,0.7240,0.0229,7232,0.865999
all,compute,2,0.421694,0.272328,15,0.7073,0.0312,14228,0.434065
all,compute,3,0.286051,0.220543,15,0.7333,0.0469,20975,0.382961
all,compute,4,0.219695,0.179436,15,0.7042,0.0646,27311,0.387675
all,compute,5,0.340363,0.142243,15,0.7135,0.0698,17628,0.395162
all,compute,6,0.284879,0.130027,15,0.7031,0.0865,21062,0.318496
all,compute,7,0.250022,0.116995,15,0.6604,0.1281,23998,0.283398
all,compute,8,0.218878,0.097664,15,0.6792,0.1198,27413,0.333222
all,compute,9,0.288580,0.087637,15,0.6906,0.1375,20791,0.333418
all,compute,10,0.260819,0.099866,15,0.6375,0.1448,23004,0.364689
all,compute,11,0.231028,0.116341,15,0.6198,0.1625,25971,0.328611
all,compute,12,0.215752,0.094575,15,0.6031,0.1958,27810,0.330589
all,full,1,1.030438,0.608765,15,0.7802,0.1146,5823,1.070318
all,full,2,0.512823,0.371265,15,0.8042,0.1313,11700,0.541637
all,full,3,0.352173,0.274080,15,0.8219,0.1385,17037,0.377577
all,full,4,0.273992,0.219215,15,0.7958,0.1656,21898,0.389391
all,full,5,0.435533,0.177671,15,0.7969,0.1750,13776,0.513781
all,full,6,0.358231,0.152216,15,0.7958,0.1729,16749,0.441007
all,full,7,0.318111,0.131390,15,0.8063,0.1688,18861,0.353887
all,full,8,0.307261,0.119194,15,0.7833,0.2021,19527,0.361355
all,full,9,0.308323,0.118707,15,0.7562,0.2240,19460,0.435579
all,full,10,0.314629,0.095373,15,0.7958,0.2125,19070,0.420875
all,full,11,0.283405,0.087524,15,0.7635,0.2260,21171,0.441640
all,full,12,0.292300,0.083169,15,0.7979,0.2177,20527,0.385052
all,io,1,0.113456,0.061181,15,0.0250,0.0719,52884,0.126757
all,io,2,0.071493,0.043360,15,0.0312,0.0813,83925,0.097892
all,io,3,0.055265,0.040317,15,0.0312,0.1062,108568,0.061433
all,io,4,0.053841,0.033649,15,0.0417,0.1052,111440,0.084894
all,io,5,0.057119,0.026824,15,0.0458,0.0750,105044,0.081921
all,io,6,0.058029,0.033654,15,0.0531,0.1052,103397,0.065157
all,io,7,0.055706,0.025605,15,0.0594,0.0938,107708,0.101632
all,io,8,0.055811,0.027026,15,0.0771,0.0729,107505,0.076976
all,io,9,0.056008,0.029026,15,0.0708,0.0698,107128,0.078912
all,io,10,0.054414,0.027891,15,0.0771,0.1000,110266,0.073678
all,io,11,0.055554,0.024995,15,0.0688,0.1021,108003,0.099948
all,io,12,0.052183,0.025914,15,0.0760,0.0948,114980,0.082496
all,mmap,1,0.910845,0.553360,15,0.7740,0.0219,6587,0.931470
all,mmap,2,0.461359,0.283906,15,0.7771,0.0375,13005,0.492550
all,mmap,3,0.304219,0.265600,15,0.8104,0.0365,19723,0.330804
all,mmap,4,0.236675,0.186006,15,0.7740,0.0604,25351,0.452707
all,mmap,5,0.367119,0.163950,15,0.7729,0.0740,16343,0.403410
all,mmap,6,0.305570,0.139504,15,0.7750,0.0969,19635,0.333241
all,mmap,7,0.273531,0.127425,15,0.7208,0.1250,21935,0.313730
all,mmap,8,0.244811,0.107184,15,0.7448,0.1146,24509,0.489274
all,mmap,9,0.315039,0.095003,15,0.7188,0.1490,19045,0.397828
all,mmap,10,0.286043,0.089498,15,0.7250,0.1479,20976,0.310995
all,mmap,11,0.267206,0.103816,15,0.7042,0.1552,22455,0.390579
all,mmap,12,0.246034,0.102485,15,0.7052,0.1646,24387,0.337061
