set,P,chunks_per_worker,N,wall_s,worker,chunks,frames,busy_s,user_s,kernel_s,cpus,run
all,12,4,6000,0.115016,0,4,500,0.098439,0.015625,0.062500,0:2;2:1;4:1,0
all,12,4,6000,0.115016,1,4,500,0.100529,0.015625,0.078125,0:1;4:1;6:1;10:1,0
all,12,4,6000,0.115016,2,4,500,0.101488,0.062500,0.031250,0:1;3:1;4:1;6:1,0
all,12,4,6000,0.115016,3,4,500,0.102609,0.078125,0.000000,1:1;2:1;10:1;11:1,0
all,12,4,6000,0.115016,4,4,500,0.104486,0.031250,0.062500,1:1;8:2;11:1,0
all,12,4,6000,0.115016,5,4,500,0.100647,0.046875,0.046875,2:1;4:1;8:2,0
all,12,4,6000,0.115016,6,4,500,0.104797,0.062500,0.015625,8:3;11:1,0
all,12,4,6000,0.115016,7,4,500,0.103496,0.046875,0.046875,2:2;4:1;9:1,0
all,12,4,6000,0.115016,8,4,500,0.101176,0.062500,0.046875,1:2;3:1;4:1,0
all,12,4,6000,0.115016,9,4,500,0.096475,0.046875,0.031250,0:1;2:1;3:1;4:1,0
all,12,4,6000,0.115016,10,4,500,0.096833,0.046875,0.015625,0:1;1:1;5:1;10:1,0
all,12,4,6000,0.115016,11,4,500,0.092699,0.062500,0.015625,0:3;7:1,0
all,12,4,6000,0.125145,0,4,500,0.112977,0.062500,0.046875,1:1;3:1;4:1;6:1,1
all,12,4,6000,0.125145,1,4,500,0.112109,0.093750,0.015625,0:1;3:1;5:1;6:1,1
all,12,4,6000,0.125145,2,4,500,0.103378,0.031250,0.078125,5:1;6:2;7:1,1
all,12,4,6000,0.125145,3,4,500,0.119454,0.078125,0.031250,6:1;8:1;9:1;10:1,1
all,12,4,6000,0.125145,4,4,500,0.121017,0.078125,0.046875,1:1;8:1;9:1;10:1,1
all,12,4,6000,0.125145,5,4,500,0.118795,0.078125,0.015625,0:1;9:1;10:1;11:1,1
all,12,4,6000,0.125145,6,4,500,0.121112,0.093750,0.000000,4:1;8:1;10:2,1
all,12,4,6000,0.125145,7,4,500,0.114998,0.062500,0.046875,2:2;3:2,1
all,12,4,6000,0.125145,8,4,500,0.114319,0.093750,0.015625,1:1;2:1;5:1;9:1,1
all,12,4,6000,0.125145,9,4,500,0.114338,0.062500,0.046875,0:2;1:1;4:1,1
all,12,4,6000,0.125145,10,4,500,0.116971,0.062500,0.046875,2:1;6:1;7:2,1
all,12,4,6000,0.125145,11,4,500,0.112944,0.062500,0.015625,0:1;1:2;3:1,1
all,12,4,6000,0.099038,0,4,500,0.095809,0.062500,0.031250,2:1;4:1;6:1;7:1,2
all,12,4,6000,0.099038,1,4,500,0.094681,0.031250,0.046875,0:2;7:2,2
all,12,4,6000,0.099038,2,4,500,0.093841,0.062500,0.031250,0:1;6:2;7:1,2
all,12,4,6000,0.099038,3,4,500,0.094078,0.062500,0.031250,1:1;6:1;8:1;9:1,2
all,12,4,6000,0.099038,4,4,500,0.092380,0.031250,0.046875,0:1;8:1;9:2,2
all,12,4,6000,0.099038,5,4,500,0.093568,0.062500,0.031250,3:1;10:2;11:1,2
all,12,4,6000,0.099038,6,4,500,0.094053,0.031250,0.031250,4:1;7:1;8:1;10:1,2
all,12,4,6000,0.099038,7,4,500,0.097062,0.078125,0.015625,2:1;3:1;6:1;9:1,2
all,12,4,6000,0.099038,8,4,500,0.094653,0.078125,0.015625,0:1;1:2;3:1,2
all,12,4,6000,0.099038,9,4,500,0.097040,0.031250,0.046875,1:1;2:1;5:1;7:1,2
all,12,4,6000,0.099038,10,4,500,0.094595,0.078125,0.015625,0:2;2:1;5:1,2
all,12,4,6000,0.099038,11,4,500,0.091612,0.093750,0.000000,1:2;4:1;5:1,2
all,8,4,6000,0.153501,0,4,751,0.145736,0.046875,0.062500,6:1;8:2;9:1,0
all,8,4,6000,0.153501,1,4,748,0.145102,0.093750,0.031250,0:2;4:2,0
all,8,4,6000,0.153501,2,4,752,0.147589,0.062500,0.031250,2:1;4:1;6:1;10:1,0
all,8,4,6000,0.153501,3,4,751,0.141786,0.125000,0.000000,4:1;6:2;9:1,0
all,8,4,6000,0.153501,4,4,751,0.147863,0.109375,0.015625,0:1;5:1;9:1;11:1,0
all,8,4,6000,0.153501,5,4,749,0.140428,0.062500,0.078125,2:1;4:1;11:2,0
all,8,4,6000,0.153501,6,4,750,0.148720,0.093750,0.046875,0:1;3:1;5:1;11:1,0
all,8,4,6000,0.153501,7,4,748,0.147693,0.046875,0.093750,1:2;4:1;7:1,0
all,8,4,6000,0.142123,0,4,750,0.133547,0.062500,0.062500,2:1;3:1;4:1;9:1,1
all,8,4,6000,0.142123,1,4,750,0.129795,0.062500,0.046875,0:1;3:1;6:1;8:1,1
all,8,4,6000,0.142123,2,4,751,0.133359,0.109375,0.000000,2:1;6:2;7:1,1
all,8,4,6000,0.142123,3,4,749,0.132528,0.093750,0.031250,0:2;2:1;4:1,1
all,8,4,6000,0.142123,4,4,750,0.133356,0.109375,0.015625,4:1;8:1;9:1;10:1,1
all,8,4,6000,0.142123,5,4,750,0.129874,0.093750,0.031250,0:2;5:1;8:1,1
all,8,4,6000,0.142123,6,4,750,0.136974,0.062500,0.062500,5:2;9:1;11:1,1
all,8,4,6000,0.142123,7,4,750,0.137007,0.093750,0.046875,3:1;4:1;8:1;10:1,1
all,8,4,6000,0.138789,0,4,749,0.131937,0.093750,0.015625,2:3;9:1,2
all,8,4,6000,0.138789,1,4,749,0.134103,0.093750,0.015625,0:2;4:1;6:1,2
all,8,4,6000,0.138789,2,4,752,0.128763,0.031250,0.078125,2:1;3:1;7:1;11:1,2
all,8,4,6000,0.138789,3,4,749,0.131080,0.062500,0.031250,0:1;4:2;9:1,2
all,8,4,6000,0.138789,4,4,749,0.132089,0.078125,0.000000,1:2;2:1;3:1,2
all,8,4,6000,0.138789,5,4,751,0.134360,0.062500,0.000000,2:1;4:1;6:1;8:1,2
all,8,4,6000,0.138789,6,4,749,0.129187,0.062500,0.031250,4:1;5:1;6:1;7:1,2
all,8,4,6000,0.138789,7,4,752,0.135622,0.078125,0.000000,4:1;6:1;9:2,2
p8,8,4,6000,0.144826,0,4,750,0.132027,0.078125,0.031250,0:1;4:1;5:1;6:1,0
p8,8,4,6000,0.144826,1,4,751,0.134497,0.078125,0.046875,2:1;4:2;5:1,0
p8,8,4,6000,0.144826,2,4,749,0.132219,0.093750,0.031250,2:1;3:2;4:1,0
p8,8,4,6000,0.144826,3,4,752,0.135753,0.093750,0.031250,0:2;7:2,0
p8,8,4,6000,0.144826,4,4,749,0.132983,0.109375,0.015625,2:1;3:2;7:1,0
p8,8,4,6000,0.144826,5,4,748,0.130650,0.109375,0.015625,1:2;5:1;6:1,0
p8,8,4,6000,0.144826,6,4,750,0.133109,0.093750,0.031250,1:1;5:1;6:1;7:1,0
p8,8,4,6000,0.144826,7,4,751,0.138365,0.109375,0.031250,0:2;1:1;2:1,0
p8,8,4,6000,0.144392,0,4,751,0.139455,0.109375,0.015625,1:1;2:1;5:1;6:1,1
p8,8,4,6000,0.144392,1,4,749,0.137561,0.078125,0.000000,0:2;4:1;5:1,1
p8,8,4,6000,0.144392,2,4,750,0.141776,0.093750,0.000000,2:1;4:1;6:2,1
p8,8,4,6000,0.144392,3,4,749,0.136478,0.015625,0.046875,0:2;1:1;6:1,1
p8,8,4,6000,0.144392,4,4,750,0.138102,0.093750,0.015625,1:1;3:2;7:1,1
p8,8,4,6000,0.144392,5,4,751,0.140986,0.046875,0.031250,1:1;2:1;3:1;5:1,1
p8,8,4,6000,0.144392,6,4,750,0.139257,0.078125,0.000000,1:1;6:2;7:1,1
p8,8,4,6000,0.144392,7,4,750,0.138544,0.062500,0.015625,0:1;3:1;4:1;7:1,1
p8,8,4,6000,0.181651,0,4,751,0.174990,0.109375,0.031250,2:1;4:1;5:1;7:1,2
p8,8,4,6000,0.181651,1,4,751,0.176221,0.125000,0.046875,1:3;5:1,2
p8,8,4,6000,0.181651,2,4,750,0.174853,0.125000,0.015625,0:1;6:2;7:1,2
p8,8,4,6000,0.181651,3,4,749,0.174364,0.140625,0.031250,0:2;5:1;7:1,2
p8,8,4,6000,0.181651,4,4,751,0.176149,0.125000,0.046875,3:1;4:1;6:1;7:1,2
p8,8,4,6000,0.181651,5,4,748,0.178035,0.109375,0.031250,0:1;2:1;4:1;5:1,2
p8,8,4,6000,0.181651,6,4,751,0.177032,0.125000,0.031250,4:3;6:1,2
p8,8,4,6000,0.181651,7,4,749,0.176342,0.125000,0.031250,1:1;3:1;5:1;7:1,2
core8,8,4,6000,0.147295,0,4,748,0.137273,0.078125,0.015625,0:2;4:2,0
core8,8,4,6000,0.147295,1,4,751,0.143828,0.125000,0.000000,2:1;4:1;6:2,0
core8,8,4,6000,0.147295,2,4,750,0.144254,0.078125,0.046875,2:4,0
core8,8,4,6000,0.147295,3,4,751,0.129490,0.093750,0.015625,9:1;10:2;11:1,0
core8,8,4,6000,0.147295,4,4,750,0.132454,0.093750,0.015625,4:1;8:2;11:1,0
core8,8,4,6000,0.147295,5,4,749,0.129609,0.109375,0.015625,0:2;9:1;10:1,0
core8,8,4,6000,0.147295,6,4,751,0.131902,0.078125,0.031250,4:2;6:1;10:1,0
core8,8,4,6000,0.147295,7,4,750,0.139861,0.093750,0.015625,0:2;6:2,0
core8,8,4,6000,0.137422,0,3,562,0.126094,0.062500,0.015625,0:1;2:1;6:1,1
core8,8,4,6000,0.137422,1,3,562,0.128797,0.031250,0.031250,0:2;4:1,1
core8,8,4,6000,0.137422,2,3,562,0.123149,0.046875,0.031250,0:1;6:2,1
core8,8,4,6000,0.137422,3,5,938,0.133073,0.109375,0.015625,4:1;8:2;9:1;11:1,1
core8,8,4,6000,0.137422,4,5,937,0.135672,0.093750,0.031250,0:1;2:1;6:1;8:1;9:1,1
core8,8,4,6000,0.137422,5,5,939,0.135050,0.093750,0.031250,0:1;2:1;8:1;9:1;10:1,1
core8,8,4,6000,0.137422,6,5,936,0.133564,0.062500,0.062500,4:2;6:2;11:1,1
core8,8,4,6000,0.137422,7,3,564,0.116235,0.046875,0.031250,0:1;2:2,1
core8,8,4,6000,0.119789,0,3,563,0.096160,0.046875,0.000000,2:1;4:2,2
core8,8,4,6000,0.119789,1,3,562,0.102833,0.000000,0.031250,0:1;4:1;10:1,2
core8,8,4,6000,0.119789,2,3,563,0.109048,0.078125,0.000000,6:2;9:1,2
core8,8,4,6000,0.119789,3,5,937,0.114336,0.062500,0.046875,0:2;2:2;9:1,2
core8,8,4,6000,0.119789,4,5,938,0.112335,0.062500,0.046875,0:1;2:1;8:1;9:1;10:1,2
core8,8,4,6000,0.119789,5,4,751,0.095970,0.078125,0.015625,2:2;6:1;9:1,2
core8,8,4,6000,0.119789,6,5,936,0.115032,0.078125,0.015625,4:2;6:2;8:1,2
core8,8,4,6000,0.119789,7,4,750,0.117763,0.093750,0.000000,0:2;6:1;9:1,2
p4,4,4,6000,0.152216,0,4,1500,0.142895,0.140625,0.000000,0:1;6:3,0
p4,4,4,6000,0.152216,1,4,1500,0.147498,0.078125,0.078125,0:1;4:1;6:2,0
p4,4,4,6000,0.152216,2,4,1500,0.143690,0.109375,0.031250,0:1;4:1;6:2,0
p4,4,4,6000,0.152216,3,4,1500,0.150714,0.140625,0.015625,0:1;2:1;4:2,0
p4,4,4,6000,0.157873,0,4,1500,0.144010,0.093750,0.062500,0:1;2:2;6:1,1
p4,4,4,6000,0.157873,1,4,1500,0.149868,0.125000,0.031250,0:1;2:1;4:1;6:1,1
p4,4,4,6000,0.157873,2,4,1500,0.147559,0.078125,0.078125,0:2;6:2,1
p4,4,4,6000,0.157873,3,4,1500,0.156382,0.140625,0.000000,0:3;6:1,1
p4,4,4,6000,0.173018,0,4,1500,0.170947,0.093750,0.062500,0:1;2:2;4:1,2
p4,4,4,6000,0.173018,1,4,1500,0.163598,0.109375,0.062500,0:1;4:3,2
p4,4,4,6000,0.173018,2,4,1500,0.158893,0.125000,0.046875,0:1;4:1;6:2,2
p4,4,4,6000,0.173018,3,4,1500,0.164611,0.140625,0.031250,0:1;2:1;4:1;6:1,2
e4,4,4,6000,0.238224,0,4,1500,0.230827,0.187500,0.046875,8:1;9:1;10:1;11:1,0
e4,4,4,6000,0.238224,1,4,1500,0.232474,0.218750,0.015625,8:2;11:2,0
e4,4,4,6000,0.238224,2,4,1500,0.229768,0.171875,0.062500,8:1;9:2;10:1,0
e4,4,4,6000,0.238224,3,4,1500,0.235926,0.171875,0.062500,10:3;11:1,0
e4,4,4,6000,0.237926,0,4,1500,0.233500,0.156250,0.046875,8:1;10:2;11:1,1
e4,4,4,6000,0.237926,1,4,1500,0.231875,0.187500,0.031250,9:1;10:1;11:2,1
e4,4,4,6000,0.237926,2,4,1500,0.230211,0.156250,0.078125,8:1;9:2;10:1,1
e4,4,4,6000,0.237926,3,4,1500,0.235401,0.203125,0.046875,8:1;9:2;10:1,1
e4,4,4,6000,0.237543,0,4,1500,0.229817,0.171875,0.031250,9:1;10:2;11:1,2
e4,4,4,6000,0.237543,1,4,1500,0.232193,0.156250,0.062500,8:1;9:1;10:1;11:1,2
e4,4,4,6000,0.237543,2,4,1500,0.234587,0.187500,0.031250,8:1;9:1;10:1;11:1,2
e4,4,4,6000,0.237543,3,4,1500,0.230407,0.140625,0.062500,8:3;11:1,2
c1,4,4,6000,0.809943,0,5,1875,0.775483,0.203125,0.031250,0:5,0
c1,4,4,6000,0.809943,1,4,1500,0.723556,0.125000,0.078125,0:4,0
c1,4,4,6000,0.809943,2,5,1875,0.771518,0.125000,0.093750,0:5,0
c1,4,4,6000,0.809943,3,2,750,0.437951,0.109375,0.000000,0:2,0
c1,4,4,6000,0.827943,0,4,1500,0.744484,0.156250,0.015625,0:4,1
c1,4,4,6000,0.827943,1,4,1500,0.804262,0.109375,0.078125,0:4,1
c1,4,4,6000,0.827943,2,4,1500,0.774485,0.171875,0.015625,0:4,1
c1,4,4,6000,0.827943,3,4,1500,0.714560,0.125000,0.046875,0:4,1
c1,4,4,6000,0.738671,0,3,1125,0.659914,0.109375,0.015625,0:3,2
c1,4,4,6000,0.738671,1,5,1875,0.703138,0.156250,0.062500,0:5,2
c1,4,4,6000,0.738671,2,3,1125,0.655145,0.109375,0.046875,0:3,2
c1,4,4,6000,0.738671,3,5,1875,0.695243,0.171875,0.062500,0:5,2
