os,res,frames,mb,mode,P,median_s,min_s,reps,cpu_user_s,cpu_sys_s,vol_csw,invol_csw
windows,160x90,1,0.04,seq,1,0.0000819,0.0000779,401,0.000039,0.000039,0.0,0.0
windows,160x90,1,0.04,A,2,0.0002600,0.0001563,401,0.000273,0.000195,0.0,0.0
windows,160x90,1,0.04,A,4,0.0002141,0.0001731,401,0.000273,0.000351,0.0,0.0
windows,160x90,1,0.04,A,6,0.0002525,0.0002060,401,0.000546,0.000390,0.0,0.0
windows,160x90,1,0.04,A,8,0.0003195,0.0002615,401,0.000546,0.000351,0.0,0.0
windows,160x90,1,0.04,A,12,0.0004588,0.0003764,401,0.000468,0.000584,0.0,0.0
windows,160x90,1,0.04,A,16,0.0005832,0.0004640,401,0.000974,0.001013,0.0,0.0
windows,160x90,1,0.04,B,2,0.0001838,0.0001580,401,0.000195,0.000273,0.0,0.0
windows,160x90,1,0.04,B,4,0.0002836,0.0001863,401,0.000351,0.000351,0.0,0.0
windows,160x90,1,0.04,B,6,0.0002796,0.0002206,401,0.000507,0.000390,0.0,0.0
windows,160x90,1,0.04,B,8,0.0003285,0.0002754,401,0.000429,0.000468,0.0,0.0
windows,160x90,1,0.04,B,12,0.0004426,0.0003865,401,0.000546,0.000584,0.0,0.0
windows,160x90,1,0.04,B,16,0.0005878,0.0004789,401,0.000546,0.001208,0.0,0.0
windows,160x90,2,0.09,seq,1,0.0001198,0.0001128,401,0.000000,0.000117,0.0,0.0
windows,160x90,2,0.09,A,2,0.0002808,0.0002150,401,0.000429,0.000273,0.0,0.0
windows,160x90,2,0.09,A,4,0.0002498,0.0002248,401,0.000429,0.000468,0.0,0.0
windows,160x90,2,0.09,A,6,0.0002695,0.0002397,401,0.000662,0.000273,0.0,0.0
windows,160x90,2,0.09,A,8,0.0003221,0.0002713,401,0.000429,0.000740,0.0,0.0
windows,160x90,2,0.09,A,12,0.0004709,0.0003701,401,0.000896,0.000974,0.0,0.0
windows,160x90,2,0.09,A,16,0.0006182,0.0004841,401,0.001286,0.001247,0.0,0.0
windows,160x90,2,0.09,B,2,0.0002277,0.0001804,401,0.000234,0.000429,0.0,0.0
windows,160x90,2,0.09,B,4,0.0002990,0.0001956,401,0.000273,0.000623,0.0,0.0
windows,160x90,2,0.09,B,6,0.0003673,0.0002425,401,0.000468,0.000546,0.0,0.0
windows,160x90,2,0.09,B,8,0.0003780,0.0002879,401,0.000468,0.000468,0.0,0.0
windows,160x90,2,0.09,B,12,0.0005495,0.0004010,401,0.000312,0.000779,0.0,0.0
windows,160x90,2,0.09,B,16,0.0010546,0.0005069,314,0.000896,0.001543,0.0,0.0
windows,160x90,4,0.17,seq,1,0.0002154,0.0002055,401,0.000156,0.000078,0.0,0.0
windows,160x90,4,0.17,A,2,0.0008849,0.0003242,315,0.000893,0.000843,0.0,0.0
windows,160x90,4,0.17,A,4,0.0002901,0.0002586,401,0.000584,0.000584,0.0,0.0
windows,160x90,4,0.17,A,6,0.0002890,0.0002646,401,0.000546,0.000623,0.0,0.0
windows,160x90,4,0.17,A,8,0.0003375,0.0002822,401,0.000701,0.000623,0.0,0.0
windows,160x90,4,0.17,A,12,0.0004994,0.0004159,401,0.000779,0.001169,0.0,0.0
windows,160x90,4,0.17,A,16,0.0006579,0.0005400,401,0.001091,0.001286,0.0,0.0
windows,160x90,4,0.17,B,2,0.0002859,0.0002290,401,0.000351,0.000195,0.0,0.0
windows,160x90,4,0.17,B,4,0.0004522,0.0002193,401,0.000662,0.000779,0.0,0.0
windows,160x90,4,0.17,B,6,0.0004087,0.0002656,401,0.000701,0.000546,0.0,0.0
windows,160x90,4,0.17,B,8,0.0004382,0.0002862,401,0.000701,0.000468,0.0,0.0
windows,160x90,4,0.17,B,12,0.0005308,0.0003984,401,0.000623,0.000584,0.0,0.0
windows,160x90,4,0.17,B,16,0.0006564,0.0005196,401,0.001052,0.000857,0.0,0.0
windows,160x90,8,0.35,seq,1,0.0004147,0.0003923,401,0.000468,0.000117,0.0,0.0
windows,160x90,8,0.35,A,2,0.0005530,0.0005120,401,0.000390,0.000701,0.0,0.0
windows,160x90,8,0.35,A,4,0.0003805,0.0003560,401,0.000546,0.000662,0.0,0.0
windows,160x90,8,0.35,A,6,0.0003647,0.0003333,401,0.000584,0.000974,0.0,0.0
windows,160x90,8,0.35,A,8,0.0004425,0.0003710,401,0.000974,0.000818,0.0,0.0
windows,160x90,8,0.35,A,12,0.0005829,0.0004791,401,0.001403,0.001403,0.0,0.0
windows,160x90,8,0.35,A,16,0.0007358,0.0005972,401,0.002065,0.001753,0.0,0.0
windows,160x90,8,0.35,B,2,0.0003794,0.0003219,401,0.000584,0.000468,0.0,0.0
windows,160x90,8,0.35,B,4,0.0002924,0.0002568,401,0.000584,0.000507,0.0,0.0
windows,160x90,8,0.35,B,6,0.0003091,0.0002587,401,0.000701,0.000740,0.0,0.0
windows,160x90,8,0.35,B,8,0.0003587,0.0002935,401,0.000429,0.000662,0.0,0.0
windows,160x90,8,0.35,B,12,0.0004982,0.0004116,401,0.000740,0.000857,0.0,0.0
windows,160x90,8,0.35,B,16,0.0006511,0.0005426,401,0.001052,0.001091,0.0,0.0
windows,160x90,16,0.69,seq,1,0.0008166,0.0007683,301,0.000986,0.000052,0.0,0.0
windows,160x90,16,0.69,A,2,0.0013866,0.0007428,159,0.001572,0.001769,0.0,0.0
windows,160x90,16,0.69,A,4,0.0006108,0.0005717,401,0.001052,0.001169,0.0,0.0
windows,160x90,16,0.69,A,6,0.0005273,0.0004848,401,0.001169,0.000896,0.0,0.0
windows,160x90,16,0.69,A,8,0.0005892,0.0005100,401,0.001987,0.001247,0.0,0.0
windows,160x90,16,0.69,A,12,0.0007217,0.0005900,401,0.002104,0.002065,0.0,0.0
windows,160x90,16,0.69,A,16,0.0008476,0.0007005,351,0.002938,0.002493,0.0,0.0
windows,160x90,16,0.69,B,2,0.0006855,0.0005251,329,0.001187,0.000902,0.0,0.0
windows,160x90,16,0.69,B,4,0.0003909,0.0003610,401,0.000623,0.000779,0.0,0.0
windows,160x90,16,0.69,B,6,0.0004083,0.0003450,401,0.000857,0.000623,0.0,0.0
windows,160x90,16,0.69,B,8,0.0004608,0.0003754,401,0.001325,0.001091,0.0,0.0
windows,160x90,16,0.69,B,12,0.0005608,0.0004612,401,0.001052,0.000935,0.0,0.0
windows,160x90,16,0.69,B,16,0.0006716,0.0005705,401,0.001675,0.000896,0.0,0.0
windows,160x90,32,1.38,seq,1,0.0015970,0.0015297,171,0.001462,0.000274,0.0,0.0
windows,160x90,32,1.38,A,2,0.0011989,0.0011010,240,0.001302,0.000716,0.0,0.0
windows,160x90,32,1.38,A,4,0.0008081,0.0007638,335,0.001586,0.001539,0.0,0.0
windows,160x90,32,1.38,A,6,0.0007579,0.0006970,387,0.001575,0.001978,0.0,0.0
windows,160x90,32,1.38,A,8,0.0007985,0.0007158,371,0.002948,0.002864,0.0,0.0
windows,160x90,32,1.38,A,12,0.0008859,0.0007787,322,0.003833,0.003397,0.0,0.0
windows,160x90,32,1.38,A,16,0.0010011,0.0008578,297,0.003209,0.004630,0.0,0.0
windows,160x90,32,1.38,B,2,0.0009549,0.0008987,303,0.001186,0.000928,0.0,0.0
windows,160x90,32,1.38,B,4,0.0005833,0.0005536,401,0.001403,0.001364,0.0,0.0
windows,160x90,32,1.38,B,6,0.0005068,0.0004690,401,0.001169,0.001208,0.0,0.0
windows,160x90,32,1.38,B,8,0.0005325,0.0004808,401,0.002065,0.001481,0.0,0.0
windows,160x90,32,1.38,B,12,0.0006126,0.0005290,401,0.001753,0.001987,0.0,0.0
windows,160x90,32,1.38,B,16,0.0007303,0.0006372,401,0.002611,0.001909,0.0,0.0
windows,160x90,64,2.76,seq,1,0.0034298,0.0032070,76,0.003495,0.000617,0.0,0.0
windows,160x90,64,2.76,A,2,0.0022476,0.0020507,125,0.001750,0.002875,0.0,0.0
windows,160x90,64,2.76,A,4,0.0013687,0.0012624,209,0.002990,0.002318,0.0,0.0
windows,160x90,64,2.76,A,6,0.0011338,0.0010653,248,0.002520,0.002583,0.0,0.0
windows,160x90,64,2.76,A,8,0.0011117,0.0010277,265,0.003892,0.004304,0.0,0.0
windows,160x90,64,2.76,A,12,0.0013751,0.0011855,217,0.004752,0.005328,0.0,0.0
windows,160x90,64,2.76,A,16,0.0015321,0.0013791,193,0.007529,0.008420,0.0,0.0
windows,160x90,64,2.76,B,2,0.0017634,0.0016929,166,0.001977,0.002447,0.0,0.0
windows,160x90,64,2.76,B,4,0.0009813,0.0009450,301,0.002180,0.002128,0.0,0.0
windows,160x90,64,2.76,B,6,0.0008734,0.0007554,321,0.002385,0.002336,0.0,0.0
windows,160x90,64,2.76,B,8,0.0009228,0.0007452,323,0.003483,0.003096,0.0,0.0
windows,160x90,64,2.76,B,12,0.0010262,0.0007994,290,0.003287,0.003071,0.0,0.0
windows,160x90,64,2.76,B,16,0.0011172,0.0008820,266,0.003759,0.003231,0.0,0.0
windows,160x90,128,5.53,seq,1,0.0068956,0.0066138,40,0.006250,0.001172,0.0,0.0
windows,160x90,128,5.53,A,2,0.0040803,0.0037733,73,0.002997,0.004281,0.0,0.0
windows,160x90,128,5.53,A,4,0.0024813,0.0022119,115,0.006522,0.003533,0.0,0.0
windows,160x90,128,5.53,A,6,0.0019828,0.0018344,150,0.004167,0.004271,0.0,0.0
windows,160x90,128,5.53,A,8,0.0018706,0.0017293,159,0.004815,0.006879,0.0,0.0
windows,160x90,128,5.53,A,12,0.0020075,0.0017767,148,0.010452,0.008129,0.0,0.0
windows,160x90,128,5.53,A,16,0.0022690,0.0020104,132,0.012429,0.010653,0.0,0.0
windows,160x90,128,5.53,B,2,0.0033806,0.0032270,85,0.003309,0.004596,0.0,0.0
windows,160x90,128,5.53,B,4,0.0017741,0.0017165,166,0.003294,0.004518,0.0,0.0
windows,160x90,128,5.53,B,6,0.0015318,0.0013488,192,0.005290,0.003337,0.0,0.0
windows,160x90,128,5.53,B,8,0.0017332,0.0015299,172,0.005905,0.004815,0.0,0.0
windows,160x90,128,5.53,B,12,0.0018410,0.0016305,160,0.005078,0.005469,0.0,0.0
windows,160x90,128,5.53,B,16,0.0020340,0.0017108,141,0.005430,0.006538,0.0,0.0
windows,160x90,256,11.06,seq,1,0.0142347,0.0134564,20,0.014844,0.000000,0.0,0.0
windows,160x90,256,11.06,A,2,0.0079691,0.0075334,35,0.006696,0.009375,0.0,0.0
windows,160x90,256,11.06,A,4,0.0044205,0.0041163,67,0.007463,0.009562,0.0,0.0
windows,160x90,256,11.06,A,6,0.0034530,0.0032207,86,0.009448,0.007994,0.0,0.0
windows,160x90,256,11.06,A,8,0.0033552,0.0030678,89,0.007900,0.009656,0.0,0.0
windows,160x90,256,11.06,A,12,0.0033322,0.0028170,90,0.016493,0.015104,0.0,0.0
windows,160x90,256,11.06,A,16,0.0034871,0.0032400,85,0.018750,0.021324,0.0,0.0
windows,160x90,256,11.06,B,2,0.0074042,0.0065625,39,0.009215,0.008814,0.0,0.0
windows,160x90,256,11.06,B,4,0.0033589,0.0032550,87,0.005927,0.009339,0.0,0.0
windows,160x90,256,11.06,B,6,0.0030228,0.0026369,98,0.008291,0.008929,0.0,0.0
windows,160x90,256,11.06,B,8,0.0033400,0.0030914,89,0.010183,0.008427,0.0,0.0
windows,160x90,256,11.06,B,12,0.0035430,0.0032875,84,0.009301,0.010417,0.0,0.0
windows,160x90,256,11.06,B,16,0.0036461,0.0033822,81,0.010995,0.011960,0.0,0.0
windows,160x90,512,22.12,seq,1,0.0291327,0.0272517,10,0.025000,0.006250,0.0,0.0
windows,160x90,512,22.12,A,2,0.0160507,0.0149672,19,0.015625,0.014803,0.0,0.0
windows,160x90,512,22.12,A,4,0.0086057,0.0081127,35,0.012500,0.020536,0.0,0.0
windows,160x90,512,22.12,A,6,0.0065517,0.0061600,46,0.014606,0.018682,0.0,0.0
windows,160x90,512,22.12,A,8,0.0063227,0.0058991,48,0.017578,0.025716,0.0,0.0
windows,160x90,512,22.12,A,12,0.0062645,0.0056437,49,0.032207,0.029018,0.0,0.0
windows,160x90,512,22.12,A,16,0.0061382,0.0057103,49,0.041135,0.032207,0.0,0.0
windows,160x90,512,22.12,B,2,0.0145957,0.0131180,20,0.021094,0.014844,0.0,0.0
windows,160x90,512,22.12,B,4,0.0066881,0.0065342,40,0.015625,0.019922,0.0,0.0
windows,160x90,512,22.12,B,6,0.0063930,0.0059963,47,0.017620,0.018949,0.0,0.0
windows,160x90,512,22.12,B,8,0.0068039,0.0064148,44,0.015980,0.021307,0.0,0.0
windows,160x90,512,22.12,B,12,0.0080288,0.0067326,38,0.022615,0.021793,0.0,0.0
windows,160x90,512,22.12,B,16,0.0072209,0.0068872,42,0.016741,0.016369,0.0,0.0
windows,160x90,1024,44.24,seq,1,0.0643422,0.0578744,7,0.044643,0.020089,0.0,0.0
windows,160x90,1024,44.24,A,2,0.0337391,0.0320662,9,0.039931,0.031250,0.0,0.0
windows,160x90,1024,44.24,A,4,0.0211032,0.0180090,14,0.049107,0.036830,0.0,0.0
windows,160x90,1024,44.24,A,6,0.0123416,0.0119348,24,0.031901,0.029948,0.0,0.0
windows,160x90,1024,44.24,A,8,0.0111165,0.0108278,27,0.033565,0.034144,0.0,0.0
windows,160x90,1024,44.24,A,12,0.0110295,0.0102910,28,0.055804,0.049665,0.0,0.0
windows,160x90,1024,44.24,A,16,0.0113927,0.0107197,27,0.076968,0.061343,0.0,0.0
windows,160x90,1024,44.24,B,2,0.0296161,0.0261739,10,0.040625,0.042188,0.0,0.0
windows,160x90,1024,44.24,B,4,0.0129909,0.0125148,23,0.026495,0.036685,0.0,0.0
windows,160x90,1024,44.24,B,6,0.0129673,0.0125999,23,0.043478,0.031929,0.0,0.0
windows,160x90,1024,44.24,B,8,0.0136861,0.0129228,22,0.036222,0.039773,0.0,0.0
windows,160x90,1024,44.24,B,12,0.0136749,0.0131243,22,0.037642,0.032670,0.0,0.0
windows,160x90,1024,44.24,B,16,0.0139210,0.0133562,21,0.036458,0.040179,0.0,0.0
windows,160x90,4096,176.95,seq,1,0.2921021,0.2683827,7,0.245536,0.055804,0.0,0.0
windows,160x90,4096,176.95,A,2,0.1298108,0.1223968,7,0.214286,0.046875,0.0,0.0
windows,160x90,4096,176.95,A,4,0.0700626,0.0642312,7,0.131696,0.136161,0.0,0.0
windows,160x90,4096,176.95,A,6,0.0496079,0.0470864,7,0.127232,0.147321,0.0,0.0
windows,160x90,4096,176.95,A,8,0.0461128,0.0444242,7,0.176339,0.154018,0.0,0.0
windows,160x90,4096,176.95,A,12,0.0459085,0.0440876,7,0.200893,0.247768,0.0,0.0
windows,160x90,4096,176.95,A,16,0.0450622,0.0436309,7,0.274554,0.209821,0.0,0.0
windows,160x90,4096,176.95,B,2,0.1039393,0.1013693,7,0.234375,0.113839,0.0,0.0
windows,160x90,4096,176.95,B,4,0.0517612,0.0512854,7,0.140625,0.122768,0.0,0.0
windows,160x90,4096,176.95,B,6,0.0518058,0.0512686,7,0.118304,0.154018,0.0,0.0
windows,160x90,4096,176.95,B,8,0.0556267,0.0535613,7,0.138393,0.180804,0.0,0.0
windows,160x90,4096,176.95,B,12,0.0542570,0.0532704,7,0.154018,0.167411,0.0,0.0
windows,160x90,4096,176.95,B,16,0.0554506,0.0536005,7,0.145089,0.149554,0.0,0.0
windows,160x90,16384,707.79,seq,1,1.1047544,1.0184917,7,0.917411,0.167411,0.0,0.0
windows,160x90,16384,707.79,A,2,0.4761980,0.4687683,7,0.707589,0.238839,0.0,0.0
windows,160x90,16384,707.79,A,4,0.2516195,0.2491411,7,0.575893,0.395089,0.0,0.0
windows,160x90,16384,707.79,A,6,0.1768122,0.1756321,7,0.493304,0.441964,0.0,0.0
windows,160x90,16384,707.79,A,8,0.1625322,0.1594571,7,0.633929,0.593750,0.0,0.0
windows,160x90,16384,707.79,A,12,0.1660114,0.1564995,7,0.950893,0.794643,0.0,0.0
windows,160x90,16384,707.79,A,16,0.1684871,0.1548403,7,0.970982,1.015625,0.0,0.0
windows,160x90,16384,707.79,B,2,0.4601882,0.4206263,7,0.801339,0.381696,0.0,0.0
windows,160x90,16384,707.79,B,4,0.2063604,0.2044966,7,0.600446,0.415179,0.0,0.0
windows,160x90,16384,707.79,B,6,0.2219457,0.2156033,7,0.553571,0.602679,0.0,0.0
windows,160x90,16384,707.79,B,8,0.2315009,0.2267447,7,0.616071,0.607143,0.0,0.0
windows,160x90,16384,707.79,B,12,0.2190534,0.2149531,7,0.529018,0.645089,0.0,0.0
windows,160x90,16384,707.79,B,16,0.2372448,0.2222967,7,0.524554,0.674107,0.0,0.0
